d-aktasb@U-3HI1HA94H0FWL:~/projects/fdp-cmd-adaptor-sns$ grep -R "Redis|redis|Kafka|kafka|LocalStack|localstack|S3|SNS|SQS|schema-registry|TopologyTestDriver|@given|@when|@then" -n
cmd-adaptor-sns-integration-tests/src/test
cmd-adaptor-sns-integration-tests/pom.xml
| sort || true
bash: cmd-adaptor-sns-integration-tests/src/test: Is a directory
bash: cmd-adaptor-sns-integration-tests/pom.xml: Permission denied
bash: syntax error near unexpected token `|'
d-aktasb@U-3HI1HA94H0FWL:~/projects/fdp-cmd-adaptor-sns$ grep -R -n -E "Redis|redis|Kafka|kafka|LocalStack|localstack|S3|SNS|SQS|schema-registry|TopologyTestDriver|@given|@when|@then" cmd-adaptor-sns-integration-tests/src/test cmd-adaptor-sns-integration-tests/pom.xml | sort || true

cmd-adaptor-sns-integration-tests/pom.xml:105:                <kafka.bootstrap.server.host>dacc-dde-kafka</kafka.bootstrap.server.host>
cmd-adaptor-sns-integration-tests/pom.xml:106:                <kafka.bootstrap.server.port>9092</kafka.bootstrap.server.port>
cmd-adaptor-sns-integration-tests/pom.xml:107:                <kafka.schemaregistry.server.host>dacc-dde-schema-registry</kafka.schemaregistry.server.host>
cmd-adaptor-sns-integration-tests/pom.xml:108:                <kafka.schemaregistry.server.port>8081</kafka.schemaregistry.server.port>
cmd-adaptor-sns-integration-tests/pom.xml:109:                <fdp.app.kafka.topic.suffix>sns</fdp.app.kafka.topic.suffix>
cmd-adaptor-sns-integration-tests/pom.xml:119:                <kafka.bootstrap.server.host>fdp-kafka-svc.dacc-fdp-dev.svc.cluster.local</kafka.bootstrap.server.host>
cmd-adaptor-sns-integration-tests/pom.xml:120:                <kafka.bootstrap.server.port>9092</kafka.bootstrap.server.port>
cmd-adaptor-sns-integration-tests/pom.xml:121:                <kafka.schemaregistry.server.host>fdp-schema-registry-svc.dacc-fdp-dev.svc.cluster.local</kafka.schemaregistry.server.host>
cmd-adaptor-sns-integration-tests/pom.xml:122:                <kafka.schemaregistry.server.port>8081</kafka.schemaregistry.server.port>
cmd-adaptor-sns-integration-tests/pom.xml:123:                <fdp.app.kafka.topic.suffix>sns</fdp.app.kafka.topic.suffix>
cmd-adaptor-sns-integration-tests/pom.xml:270:                                <WAIT_CHECK>redis_kafka</WAIT_CHECK>
cmd-adaptor-sns-integration-tests/pom.xml:35:                <kafka.bootstrap.server.host>localhost</kafka.bootstrap.server.host>
cmd-adaptor-sns-integration-tests/pom.xml:36:                <kafka.bootstrap.server.port>9092</kafka.bootstrap.server.port>
cmd-adaptor-sns-integration-tests/pom.xml:37:                <kafka.schemaregistry.server.host>localhost</kafka.schemaregistry.server.host>
cmd-adaptor-sns-integration-tests/pom.xml:38:                <kafka.schemaregistry.server.port>8081</kafka.schemaregistry.server.port>
cmd-adaptor-sns-integration-tests/pom.xml:39:                <fdp.app.kafka.topic.suffix>0</fdp.app.kafka.topic.suffix>
cmd-adaptor-sns-integration-tests/pom.xml:48:                <kafka.bootstrap.server.host>localhost</kafka.bootstrap.server.host>
cmd-adaptor-sns-integration-tests/pom.xml:49:                <kafka.bootstrap.server.port>9092</kafka.bootstrap.server.port>
cmd-adaptor-sns-integration-tests/pom.xml:50:                <kafka.schemaregistry.server.host>localhost</kafka.schemaregistry.server.host>
cmd-adaptor-sns-integration-tests/pom.xml:51:                <kafka.schemaregistry.server.port>8081</kafka.schemaregistry.server.port>
cmd-adaptor-sns-integration-tests/pom.xml:52:                <fdp.app.kafka.topic.suffix>0</fdp.app.kafka.topic.suffix>
cmd-adaptor-sns-integration-tests/pom.xml:63:                <kafka.bootstrap.server.host>kafka</kafka.bootstrap.server.host>
cmd-adaptor-sns-integration-tests/pom.xml:64:                <kafka.bootstrap.server.port>29092</kafka.bootstrap.server.port>
cmd-adaptor-sns-integration-tests/pom.xml:65:                <kafka.schemaregistry.server.host>schema-registry</kafka.schemaregistry.server.host>
cmd-adaptor-sns-integration-tests/pom.xml:66:                <kafka.schemaregistry.server.port>8081</kafka.schemaregistry.server.port>
cmd-adaptor-sns-integration-tests/pom.xml:67:                <fdp.app.kafka.topic.suffix>0</fdp.app.kafka.topic.suffix>
cmd-adaptor-sns-integration-tests/pom.xml:77:                <kafka.bootstrap.server.host>kafka</kafka.bootstrap.server.host>
cmd-adaptor-sns-integration-tests/pom.xml:78:                <kafka.bootstrap.server.port>29092</kafka.bootstrap.server.port>
cmd-adaptor-sns-integration-tests/pom.xml:79:                <kafka.schemaregistry.server.host>schema-registry</kafka.schemaregistry.server.host>
cmd-adaptor-sns-integration-tests/pom.xml:80:                <kafka.schemaregistry.server.port>8081</kafka.schemaregistry.server.port>
cmd-adaptor-sns-integration-tests/pom.xml:81:                <fdp.app.kafka.topic.suffix>0</fdp.app.kafka.topic.suffix>
cmd-adaptor-sns-integration-tests/pom.xml:91:                <kafka.bootstrap.server.host>dacc-dde-kafka</kafka.bootstrap.server.host>
cmd-adaptor-sns-integration-tests/pom.xml:92:                <kafka.bootstrap.server.port>9092</kafka.bootstrap.server.port>
cmd-adaptor-sns-integration-tests/pom.xml:93:                <kafka.schemaregistry.server.host>dacc-dde-schema-registry</kafka.schemaregistry.server.host>
cmd-adaptor-sns-integration-tests/pom.xml:94:                <kafka.schemaregistry.server.port>8081</kafka.schemaregistry.server.port>
cmd-adaptor-sns-integration-tests/pom.xml:95:                <fdp.app.kafka.topic.suffix>sns</fdp.app.kafka.topic.suffix>
cmd-adaptor-sns-integration-tests/src/test/java/uk/gov/ho/dacc/fdp/steps/SnsSteps.java:120:    private static KafkaProducer kafkaProducer;
cmd-adaptor-sns-integration-tests/src/test/java/uk/gov/ho/dacc/fdp/steps/SnsSteps.java:121:    private static KafkaProducer lookupProducer;
cmd-adaptor-sns-integration-tests/src/test/java/uk/gov/ho/dacc/fdp/steps/SnsSteps.java:123:    private static KafkaConsumer<PoleV2IdRecord, CmdPartyPoleRecord> kafkaConsumerPartyCmd;
cmd-adaptor-sns-integration-tests/src/test/java/uk/gov/ho/dacc/fdp/steps/SnsSteps.java:124:    private static KafkaConsumer<PoleV2IdRecord, PartyStateRecord> kafkaConsumerPartySnapshot;
cmd-adaptor-sns-integration-tests/src/test/java/uk/gov/ho/dacc/fdp/steps/SnsSteps.java:125:    private static KafkaConsumer<PoleV2IdRecord, CmdObjectPoleRecord> kafkaConsumerObjectCmd;
cmd-adaptor-sns-integration-tests/src/test/java/uk/gov/ho/dacc/fdp/steps/SnsSteps.java:126:    private static KafkaConsumer<PoleV2IdRecord, ObjectStateRecord> kafkaConsumerObjectSnapshot;
cmd-adaptor-sns-integration-tests/src/test/java/uk/gov/ho/dacc/fdp/steps/SnsSteps.java:127:    private static KafkaConsumer<PoleV2IdRecord, CmdLocationPoleRecord> kafkaConsumerLocationCmd;
cmd-adaptor-sns-integration-tests/src/test/java/uk/gov/ho/dacc/fdp/steps/SnsSteps.java:128:    private static KafkaConsumer<PoleV2IdRecord, LocationStateRecord> kafkaConsumerLocationSnapshot;
cmd-adaptor-sns-integration-tests/src/test/java/uk/gov/ho/dacc/fdp/steps/SnsSteps.java:129:    private static KafkaConsumer<PoleV2IdRecord, CmdEventPoleRecord> kafkaConsumerEventCmd;
cmd-adaptor-sns-integration-tests/src/test/java/uk/gov/ho/dacc/fdp/steps/SnsSteps.java:130:    private static KafkaConsumer<PoleV2IdRecord, EventRecord> kafkaConsumerEventSnapshot;
cmd-adaptor-sns-integration-tests/src/test/java/uk/gov/ho/dacc/fdp/steps/SnsSteps.java:131:    private static KafkaConsumer<PoleV2IdRecord, CmdServicePoleRecord> kafkaConsumerServiceCmd;
cmd-adaptor-sns-integration-tests/src/test/java/uk/gov/ho/dacc/fdp/steps/SnsSteps.java:132:    private static KafkaConsumer<PoleV2IdRecord, ServiceStateRecord> kafkaConsumerServiceSnapshot;
cmd-adaptor-sns-integration-tests/src/test/java/uk/gov/ho/dacc/fdp/steps/SnsSteps.java:133:    private static KafkaConsumer<IdentityRecord, EntryRecord> kafkaConsumerRunlogCmd;
cmd-adaptor-sns-integration-tests/src/test/java/uk/gov/ho/dacc/fdp/steps/SnsSteps.java:163:    public static KafkaConsumer<?, ?> awakeConsumer(String topic) {
cmd-adaptor-sns-integration-tests/src/test/java/uk/gov/ho/dacc/fdp/steps/SnsSteps.java:164:        KafkaConsumer<?, ?> kafkaConsumer = new KafkaConsumer<>(consumerConfig);
cmd-adaptor-sns-integration-tests/src/test/java/uk/gov/ho/dacc/fdp/steps/SnsSteps.java:165:        kafkaConsumer.assign(Collections.singletonList(new TopicPartition(topic, 0)));
cmd-adaptor-sns-integration-tests/src/test/java/uk/gov/ho/dacc/fdp/steps/SnsSteps.java:166:        kafkaConsumer.assignment();
cmd-adaptor-sns-integration-tests/src/test/java/uk/gov/ho/dacc/fdp/steps/SnsSteps.java:167:        kafkaConsumer.poll(Duration.ofMillis(INITIAL_POLL_DURATION_MS));
cmd-adaptor-sns-integration-tests/src/test/java/uk/gov/ho/dacc/fdp/steps/SnsSteps.java:169:        return kafkaConsumer;
cmd-adaptor-sns-integration-tests/src/test/java/uk/gov/ho/dacc/fdp/steps/SnsSteps.java:177:        log.info("SNS StreamIngestRecord: {}", landingRecord.toString());
cmd-adaptor-sns-integration-tests/src/test/java/uk/gov/ho/dacc/fdp/steps/SnsSteps.java:203:            kafkaProducer = new KafkaProducer<>(producerConfig);
cmd-adaptor-sns-integration-tests/src/test/java/uk/gov/ho/dacc/fdp/steps/SnsSteps.java:211:            lookupProducer = new KafkaProducer<>(lookupProducerConfig);
cmd-adaptor-sns-integration-tests/src/test/java/uk/gov/ho/dacc/fdp/steps/SnsSteps.java:215:            consumerConfig.put(ConsumerConfig.KEY_DESERIALIZER_CLASS_CONFIG, KafkaAvroDeserializer.class);
cmd-adaptor-sns-integration-tests/src/test/java/uk/gov/ho/dacc/fdp/steps/SnsSteps.java:216:            consumerConfig.put(ConsumerConfig.VALUE_DESERIALIZER_CLASS_CONFIG, KafkaAvroDeserializer.class);
cmd-adaptor-sns-integration-tests/src/test/java/uk/gov/ho/dacc/fdp/steps/SnsSteps.java:217:            consumerConfig.put(KafkaAvroDeserializerConfig.SPECIFIC_AVRO_READER_CONFIG, "true");
cmd-adaptor-sns-integration-tests/src/test/java/uk/gov/ho/dacc/fdp/steps/SnsSteps.java:221:            kafkaConsumerPartyCmd = new KafkaConsumer(consumerConfig);
cmd-adaptor-sns-integration-tests/src/test/java/uk/gov/ho/dacc/fdp/steps/SnsSteps.java:222:            kafkaConsumerObjectCmd = new KafkaConsumer(consumerConfig);
cmd-adaptor-sns-integration-tests/src/test/java/uk/gov/ho/dacc/fdp/steps/SnsSteps.java:223:            kafkaConsumerLocationCmd = new KafkaConsumer(consumerConfig);
cmd-adaptor-sns-integration-tests/src/test/java/uk/gov/ho/dacc/fdp/steps/SnsSteps.java:224:            kafkaConsumerEventCmd = new KafkaConsumer(consumerConfig);
cmd-adaptor-sns-integration-tests/src/test/java/uk/gov/ho/dacc/fdp/steps/SnsSteps.java:225:            kafkaConsumerServiceCmd = new KafkaConsumer(consumerConfig);
cmd-adaptor-sns-integration-tests/src/test/java/uk/gov/ho/dacc/fdp/steps/SnsSteps.java:226:            kafkaConsumerPartySnapshot = new KafkaConsumer(consumerConfig);
cmd-adaptor-sns-integration-tests/src/test/java/uk/gov/ho/dacc/fdp/steps/SnsSteps.java:227:            kafkaConsumerObjectSnapshot = new KafkaConsumer(consumerConfig);
cmd-adaptor-sns-integration-tests/src/test/java/uk/gov/ho/dacc/fdp/steps/SnsSteps.java:228:            kafkaConsumerLocationSnapshot = new KafkaConsumer(consumerConfig);
cmd-adaptor-sns-integration-tests/src/test/java/uk/gov/ho/dacc/fdp/steps/SnsSteps.java:229:            kafkaConsumerEventSnapshot = new KafkaConsumer(consumerConfig);
cmd-adaptor-sns-integration-tests/src/test/java/uk/gov/ho/dacc/fdp/steps/SnsSteps.java:230:            kafkaConsumerServiceSnapshot = new KafkaConsumer(consumerConfig);
cmd-adaptor-sns-integration-tests/src/test/java/uk/gov/ho/dacc/fdp/steps/SnsSteps.java:231:            kafkaConsumerRunlogCmd = new KafkaConsumer(consumerConfig);
cmd-adaptor-sns-integration-tests/src/test/java/uk/gov/ho/dacc/fdp/steps/SnsSteps.java:233:            kafkaConsumerPartyCmd = (KafkaConsumer<PoleV2IdRecord, CmdPartyPoleRecord>) awakeConsumer(partyCmdTopic);
cmd-adaptor-sns-integration-tests/src/test/java/uk/gov/ho/dacc/fdp/steps/SnsSteps.java:234:            kafkaConsumerObjectCmd =
cmd-adaptor-sns-integration-tests/src/test/java/uk/gov/ho/dacc/fdp/steps/SnsSteps.java:235:                    (KafkaConsumer<PoleV2IdRecord, CmdObjectPoleRecord>) awakeConsumer(objectCmdTopic);
cmd-adaptor-sns-integration-tests/src/test/java/uk/gov/ho/dacc/fdp/steps/SnsSteps.java:236:            kafkaConsumerLocationCmd =
cmd-adaptor-sns-integration-tests/src/test/java/uk/gov/ho/dacc/fdp/steps/SnsSteps.java:237:                    (KafkaConsumer<PoleV2IdRecord, CmdLocationPoleRecord>) awakeConsumer(locationCmdTopic);
cmd-adaptor-sns-integration-tests/src/test/java/uk/gov/ho/dacc/fdp/steps/SnsSteps.java:238:            kafkaConsumerEventCmd =
cmd-adaptor-sns-integration-tests/src/test/java/uk/gov/ho/dacc/fdp/steps/SnsSteps.java:239:                    (KafkaConsumer<PoleV2IdRecord, CmdEventPoleRecord>) awakeConsumer(eventCmdTopic);
cmd-adaptor-sns-integration-tests/src/test/java/uk/gov/ho/dacc/fdp/steps/SnsSteps.java:23:import org.apache.kafka.clients.consumer.ConsumerConfig;
cmd-adaptor-sns-integration-tests/src/test/java/uk/gov/ho/dacc/fdp/steps/SnsSteps.java:240:            kafkaConsumerServiceCmd =
cmd-adaptor-sns-integration-tests/src/test/java/uk/gov/ho/dacc/fdp/steps/SnsSteps.java:241:                    (KafkaConsumer<PoleV2IdRecord, CmdServicePoleRecord>) awakeConsumer(serviceCmdTopic);
cmd-adaptor-sns-integration-tests/src/test/java/uk/gov/ho/dacc/fdp/steps/SnsSteps.java:242:            kafkaConsumerPartySnapshot =
cmd-adaptor-sns-integration-tests/src/test/java/uk/gov/ho/dacc/fdp/steps/SnsSteps.java:243:                    (KafkaConsumer<PoleV2IdRecord, PartyStateRecord>) awakeConsumer(partySnapshotTopic);
cmd-adaptor-sns-integration-tests/src/test/java/uk/gov/ho/dacc/fdp/steps/SnsSteps.java:244:            kafkaConsumerObjectSnapshot =
cmd-adaptor-sns-integration-tests/src/test/java/uk/gov/ho/dacc/fdp/steps/SnsSteps.java:245:                    (KafkaConsumer<PoleV2IdRecord, ObjectStateRecord>) awakeConsumer(objectSnapshotTopic);
cmd-adaptor-sns-integration-tests/src/test/java/uk/gov/ho/dacc/fdp/steps/SnsSteps.java:246:            kafkaConsumerLocationSnapshot =
cmd-adaptor-sns-integration-tests/src/test/java/uk/gov/ho/dacc/fdp/steps/SnsSteps.java:247:                    (KafkaConsumer<PoleV2IdRecord, LocationStateRecord>) awakeConsumer(locationSnapshotTopic);
cmd-adaptor-sns-integration-tests/src/test/java/uk/gov/ho/dacc/fdp/steps/SnsSteps.java:248:            kafkaConsumerEventSnapshot =
cmd-adaptor-sns-integration-tests/src/test/java/uk/gov/ho/dacc/fdp/steps/SnsSteps.java:249:                    (KafkaConsumer<PoleV2IdRecord, EventRecord>) awakeConsumer(eventSnapshotTopic);
cmd-adaptor-sns-integration-tests/src/test/java/uk/gov/ho/dacc/fdp/steps/SnsSteps.java:24:import org.apache.kafka.clients.consumer.ConsumerRecord;
cmd-adaptor-sns-integration-tests/src/test/java/uk/gov/ho/dacc/fdp/steps/SnsSteps.java:250:            kafkaConsumerServiceSnapshot =
cmd-adaptor-sns-integration-tests/src/test/java/uk/gov/ho/dacc/fdp/steps/SnsSteps.java:251:                    (KafkaConsumer<PoleV2IdRecord, ServiceStateRecord>) awakeConsumer(serviceSnapshotTopic);
cmd-adaptor-sns-integration-tests/src/test/java/uk/gov/ho/dacc/fdp/steps/SnsSteps.java:253:            kafkaConsumerRunlogCmd =
cmd-adaptor-sns-integration-tests/src/test/java/uk/gov/ho/dacc/fdp/steps/SnsSteps.java:254:                    (KafkaConsumer<IdentityRecord, EntryRecord>) awakeConsumer(runlogCmdTopic);
cmd-adaptor-sns-integration-tests/src/test/java/uk/gov/ho/dacc/fdp/steps/SnsSteps.java:25:import org.apache.kafka.clients.consumer.ConsumerRecords;
cmd-adaptor-sns-integration-tests/src/test/java/uk/gov/ho/dacc/fdp/steps/SnsSteps.java:26:import org.apache.kafka.clients.consumer.KafkaConsumer;
cmd-adaptor-sns-integration-tests/src/test/java/uk/gov/ho/dacc/fdp/steps/SnsSteps.java:27:import org.apache.kafka.clients.producer.KafkaProducer;
cmd-adaptor-sns-integration-tests/src/test/java/uk/gov/ho/dacc/fdp/steps/SnsSteps.java:28:import org.apache.kafka.clients.producer.ProducerConfig;
cmd-adaptor-sns-integration-tests/src/test/java/uk/gov/ho/dacc/fdp/steps/SnsSteps.java:29:import org.apache.kafka.clients.producer.ProducerRecord;
cmd-adaptor-sns-integration-tests/src/test/java/uk/gov/ho/dacc/fdp/steps/SnsSteps.java:30:import org.apache.kafka.common.TopicPartition;
cmd-adaptor-sns-integration-tests/src/test/java/uk/gov/ho/dacc/fdp/steps/SnsSteps.java:31:import org.apache.kafka.common.header.internals.RecordHeader;
cmd-adaptor-sns-integration-tests/src/test/java/uk/gov/ho/dacc/fdp/steps/SnsSteps.java:32:import org.apache.kafka.common.serialization.StringSerializer;
cmd-adaptor-sns-integration-tests/src/test/java/uk/gov/ho/dacc/fdp/steps/SnsSteps.java:355:        kafkaProducer.send(record).get();
cmd-adaptor-sns-integration-tests/src/test/java/uk/gov/ho/dacc/fdp/steps/SnsSteps.java:363:        kafkaProducer.send(record).get();
cmd-adaptor-sns-integration-tests/src/test/java/uk/gov/ho/dacc/fdp/steps/SnsSteps.java:375:            KafkaConsumer consumerCmd,
cmd-adaptor-sns-integration-tests/src/test/java/uk/gov/ho/dacc/fdp/steps/SnsSteps.java:376:            KafkaConsumer consumerSnapshot) {
cmd-adaptor-sns-integration-tests/src/test/java/uk/gov/ho/dacc/fdp/steps/SnsSteps.java:413:                    kafkaConsumerRunlogCmd.poll(Duration.ofSeconds(POLL_DURATION_MS));
cmd-adaptor-sns-integration-tests/src/test/java/uk/gov/ho/dacc/fdp/steps/SnsSteps.java:438:                    (Set<PartyRecord>) pollRecords(numberOfExpectedCommands, pollType, PARTY_RECORD, kafkaConsumerPartyCmd, kafkaConsumerPartySnapshot);
cmd-adaptor-sns-integration-tests/src/test/java/uk/gov/ho/dacc/fdp/steps/SnsSteps.java:440:                    (Set<ObjectRecord>) pollRecords(numberOfExpectedCommands, pollType, OBJECT_RECORD, kafkaConsumerObjectCmd, kafkaConsumerObjectSnapshot);
cmd-adaptor-sns-integration-tests/src/test/java/uk/gov/ho/dacc/fdp/steps/SnsSteps.java:442:                    (Set<LocationRecord>) pollRecords(numberOfExpectedCommands, pollType, LOCATION_RECORD, kafkaConsumerLocationCmd, kafkaConsumerLocationSnapshot);
cmd-adaptor-sns-integration-tests/src/test/java/uk/gov/ho/dacc/fdp/steps/SnsSteps.java:444:                    (Set<EventRecord>) pollRecords(numberOfExpectedCommands, pollType, EVENT_RECORD, kafkaConsumerEventCmd, kafkaConsumerEventSnapshot);
cmd-adaptor-sns-integration-tests/src/test/java/uk/gov/ho/dacc/fdp/steps/SnsSteps.java:446:                    (Set<ServiceRecord>) pollRecords(numberOfExpectedCommands, pollType, SERVICE_RECORD, kafkaConsumerServiceCmd, kafkaConsumerServiceSnapshot);
cmd-adaptor-sns-integration-tests/src/test/java/uk/gov/ho/dacc/fdp/steps/SnsSteps.java:460:        kafkaConsumerLocationCmd.commitSync();
cmd-adaptor-sns-integration-tests/src/test/java/uk/gov/ho/dacc/fdp/steps/SnsSteps.java:4:import io.confluent.kafka.schemaregistry.client.rest.exceptions.RestClientException;
cmd-adaptor-sns-integration-tests/src/test/java/uk/gov/ho/dacc/fdp/steps/SnsSteps.java:5:import io.confluent.kafka.serializers.KafkaAvroDeserializer;
cmd-adaptor-sns-integration-tests/src/test/java/uk/gov/ho/dacc/fdp/steps/SnsSteps.java:6:import io.confluent.kafka.serializers.KafkaAvroDeserializerConfig;
cmd-adaptor-sns-integration-tests/src/test/java/uk/gov/ho/dacc/fdp/steps/SnsSteps.java:7:import io.confluent.kafka.streams.serdes.avro.SpecificAvroSerializer;
cmd-adaptor-sns-integration-tests/src/test/java/uk/gov/ho/dacc/fdp/steps/SnsSteps.java:91:    static final String BOOTSTRAP_SERVER_HOST_PROPERTY = "kafka.bootstrap.server.host";
cmd-adaptor-sns-integration-tests/src/test/java/uk/gov/ho/dacc/fdp/steps/SnsSteps.java:92:    static final String BOOTSTRAP_SERVER_PORT_PROPERTY = "kafka.bootstrap.server.port";
cmd-adaptor-sns-integration-tests/src/test/java/uk/gov/ho/dacc/fdp/steps/SnsSteps.java:93:    static final String REGISTRY_SERVER_HOST_PROPERTY = "kafka.schemaregistry.server.host";
cmd-adaptor-sns-integration-tests/src/test/java/uk/gov/ho/dacc/fdp/steps/SnsSteps.java:94:    static final String REGISTRY_SERVER_PORT_PROPERTY = "kafka.schemaregistry.server.port";
cmd-adaptor-sns-integration-tests/src/test/java/uk/gov/ho/dacc/fdp/steps/SnsSteps.java:95:    static final String FDP_APP_KAFKA_TOPIC_SUFFIX = "fdp.app.kafka.topic.suffix";
cmd-adaptor-sns-integration-tests/src/test/resources/configuration.properties:1:kafka.bootstrap.server.host = ${kafka.bootstrap.server.host}
cmd-adaptor-sns-integration-tests/src/test/resources/configuration.properties:2:kafka.bootstrap.server.port = ${kafka.bootstrap.server.port}
cmd-adaptor-sns-integration-tests/src/test/resources/configuration.properties:3:kafka.schemaregistry.server.host = ${kafka.schemaregistry.server.host}
cmd-adaptor-sns-integration-tests/src/test/resources/configuration.properties:4:kafka.schemaregistry.server.port = ${kafka.schemaregistry.server.port}
cmd-adaptor-sns-integration-tests/src/test/resources/configuration.properties:5:fdp.app.kafka.topic.suffix = ${fdp.app.kafka.topic.suffix}
cmd-adaptor-sns-integration-tests/src/test/resources/docker-compose/docker-compose.yml:117:      - kafka
cmd-adaptor-sns-integration-tests/src/test/resources/docker-compose/docker-compose.yml:118:      - schema-registry
cmd-adaptor-sns-integration-tests/src/test/resources/docker-compose/docker-compose.yml:119:      - redis
cmd-adaptor-sns-integration-tests/src/test/resources/docker-compose/docker-compose.yml:123:      - FDP_KAFKA_SCHEMA_REGISTRY_URL=http://schema-registry:8081
cmd-adaptor-sns-integration-tests/src/test/resources/docker-compose/docker-compose.yml:125:      - FDP_KAFKA_BROKER=kafka:29092
cmd-adaptor-sns-integration-tests/src/test/resources/docker-compose/docker-compose.yml:127:      - FDP_APP_REDIS_NODES=redis:6379
cmd-adaptor-sns-integration-tests/src/test/resources/docker-compose/docker-compose.yml:148:      - kafka
cmd-adaptor-sns-integration-tests/src/test/resources/docker-compose/docker-compose.yml:149:      - schema-registry
cmd-adaptor-sns-integration-tests/src/test/resources/docker-compose/docker-compose.yml:150:      - redis
cmd-adaptor-sns-integration-tests/src/test/resources/docker-compose/docker-compose.yml:154:      - FDP_KAFKA_SCHEMA_REGISTRY_URL=http://schema-registry:8081
cmd-adaptor-sns-integration-tests/src/test/resources/docker-compose/docker-compose.yml:156:      - FDP_KAFKA_BROKER=kafka:29092
cmd-adaptor-sns-integration-tests/src/test/resources/docker-compose/docker-compose.yml:158:      - FDP_APP_REDIS_NODES=redis:6379
cmd-adaptor-sns-integration-tests/src/test/resources/docker-compose/docker-compose.yml:179:      - kafka
cmd-adaptor-sns-integration-tests/src/test/resources/docker-compose/docker-compose.yml:180:      - schema-registry
cmd-adaptor-sns-integration-tests/src/test/resources/docker-compose/docker-compose.yml:181:      - redis
cmd-adaptor-sns-integration-tests/src/test/resources/docker-compose/docker-compose.yml:185:      - FDP_KAFKA_SCHEMA_REGISTRY_URL=http://schema-registry:8081
cmd-adaptor-sns-integration-tests/src/test/resources/docker-compose/docker-compose.yml:187:      - FDP_KAFKA_BROKER=kafka:29092
cmd-adaptor-sns-integration-tests/src/test/resources/docker-compose/docker-compose.yml:189:      - FDP_APP_REDIS_NODES=redis:6379
cmd-adaptor-sns-integration-tests/src/test/resources/docker-compose/docker-compose.yml:20:      - kafka
cmd-adaptor-sns-integration-tests/src/test/resources/docker-compose/docker-compose.yml:210:      - kafka
cmd-adaptor-sns-integration-tests/src/test/resources/docker-compose/docker-compose.yml:211:      - schema-registry
cmd-adaptor-sns-integration-tests/src/test/resources/docker-compose/docker-compose.yml:215:      - FDP_KAFKA_SCHEMA_REGISTRY_URL=http://schema-registry:8081
cmd-adaptor-sns-integration-tests/src/test/resources/docker-compose/docker-compose.yml:217:      - FDP_KAFKA_BROKER=kafka:29092
cmd-adaptor-sns-integration-tests/src/test/resources/docker-compose/docker-compose.yml:218:      - FDP_APP_REDIS_NODES=redis:6379
cmd-adaptor-sns-integration-tests/src/test/resources/docker-compose/docker-compose.yml:21:      - schema-registry
cmd-adaptor-sns-integration-tests/src/test/resources/docker-compose/docker-compose.yml:22:      - redis
cmd-adaptor-sns-integration-tests/src/test/resources/docker-compose/docker-compose.yml:26:      - FDP_KAFKA_SCHEMA_REGISTRY_URL=http://schema-registry:8081
cmd-adaptor-sns-integration-tests/src/test/resources/docker-compose/docker-compose.yml:28:      - FDP_KAFKA_BROKER=kafka:29092
cmd-adaptor-sns-integration-tests/src/test/resources/docker-compose/docker-compose.yml:299:      - kafka
cmd-adaptor-sns-integration-tests/src/test/resources/docker-compose/docker-compose.yml:300:      - schema-registry
cmd-adaptor-sns-integration-tests/src/test/resources/docker-compose/docker-compose.yml:302:      CMD_ARGS: "--message.format=AVRO --schemaregistry.connect=http://schema-registry:8081 --topic.createEnabled=false --topic.deleteEnabled=false"
cmd-adaptor-sns-integration-tests/src/test/resources/docker-compose/docker-compose.yml:303:      KAFKA_BROKERCONNECT: kafka:29092
cmd-adaptor-sns-integration-tests/src/test/resources/docker-compose/docker-compose.yml:30:      - FDP_APP_REDIS_NODES=redis:6379
cmd-adaptor-sns-integration-tests/src/test/resources/docker-compose/docker-compose.yml:316:  kafka:
cmd-adaptor-sns-integration-tests/src/test/resources/docker-compose/docker-compose.yml:317:    # PM-71719: MSK deployed 3.9.1 equates to cp-kafka 7.9.7
cmd-adaptor-sns-integration-tests/src/test/resources/docker-compose/docker-compose.yml:319:    image: confluentinc/cp-kafka:7.9.7
cmd-adaptor-sns-integration-tests/src/test/resources/docker-compose/docker-compose.yml:320:    container_name: kafka
cmd-adaptor-sns-integration-tests/src/test/resources/docker-compose/docker-compose.yml:321:    hostname: kafka
cmd-adaptor-sns-integration-tests/src/test/resources/docker-compose/docker-compose.yml:331:      # An important note about accessing Kafka from clients on other machines:
cmd-adaptor-sns-integration-tests/src/test/resources/docker-compose/docker-compose.yml:342:      # and components, use kafka:29092.
cmd-adaptor-sns-integration-tests/src/test/resources/docker-compose/docker-compose.yml:344:      # See https://rmoff.net/2018/08/02/kafka-listeners-explained/ for details
cmd-adaptor-sns-integration-tests/src/test/resources/docker-compose/docker-compose.yml:353:      KAFKA_ADVERTISED_HOST_NAME: kafka
cmd-adaptor-sns-integration-tests/src/test/resources/docker-compose/docker-compose.yml:354:      KAFKA_ADVERTISED_LISTENERS: PLAINTEXT://kafka:29092,PLAINTEXT_HOST://localhost:9092
cmd-adaptor-sns-integration-tests/src/test/resources/docker-compose/docker-compose.yml:358:      KAFKA_LOG4J_LOGGERS: "kafka=WARN,\
cmd-adaptor-sns-integration-tests/src/test/resources/docker-compose/docker-compose.yml:359:        kafka.producer.async.DefaultEventHandler=WARN,\
cmd-adaptor-sns-integration-tests/src/test/resources/docker-compose/docker-compose.yml:360:        kafka.request.logger=WARN,\
cmd-adaptor-sns-integration-tests/src/test/resources/docker-compose/docker-compose.yml:361:        kafka.controller=WARN,\
cmd-adaptor-sns-integration-tests/src/test/resources/docker-compose/docker-compose.yml:362:        kafka.log.LogCleaner=WARN,\
cmd-adaptor-sns-integration-tests/src/test/resources/docker-compose/docker-compose.yml:364:        kafka.authorizer.logger=WARN"
cmd-adaptor-sns-integration-tests/src/test/resources/docker-compose/docker-compose.yml:368:  kafka-topic-extract:
cmd-adaptor-sns-integration-tests/src/test/resources/docker-compose/docker-compose.yml:370:    build: kafka-topic-extract
cmd-adaptor-sns-integration-tests/src/test/resources/docker-compose/docker-compose.yml:371:    container_name: kafka-topic-extract
cmd-adaptor-sns-integration-tests/src/test/resources/docker-compose/docker-compose.yml:375:      KAFKA_REST_BOOTSTRAP_SERVERS: PLAINTEXT://kafka:29092
cmd-adaptor-sns-integration-tests/src/test/resources/docker-compose/docker-compose.yml:377:      KAFKA_REST_SCHEMA_REGISTRY_URL: http://schema-registry:8081
cmd-adaptor-sns-integration-tests/src/test/resources/docker-compose/docker-compose.yml:381:  kafka-rest:
cmd-adaptor-sns-integration-tests/src/test/resources/docker-compose/docker-compose.yml:382:    # PM-71719: MSK deployed 3.9.1 equates to cp-kafka 7.9.7
cmd-adaptor-sns-integration-tests/src/test/resources/docker-compose/docker-compose.yml:384:    image: confluentinc/cp-kafka-rest:7.9.7
cmd-adaptor-sns-integration-tests/src/test/resources/docker-compose/docker-compose.yml:385:    container_name: kafka-rest
cmd-adaptor-sns-integration-tests/src/test/resources/docker-compose/docker-compose.yml:387:      - kafka
cmd-adaptor-sns-integration-tests/src/test/resources/docker-compose/docker-compose.yml:389:      KAFKA_REST_BOOTSTRAP_SERVERS: PLAINTEXT://kafka:29092
cmd-adaptor-sns-integration-tests/src/test/resources/docker-compose/docker-compose.yml:390:      KAFKA_REST_HOST_NAME: kafka-rest
cmd-adaptor-sns-integration-tests/src/test/resources/docker-compose/docker-compose.yml:391:      KAFKA_REST_SCHEMA_REGISTRY_URL: http://schema-registry:8081
cmd-adaptor-sns-integration-tests/src/test/resources/docker-compose/docker-compose.yml:402:  localstack:
cmd-adaptor-sns-integration-tests/src/test/resources/docker-compose/docker-compose.yml:403:    container_name: "localstack"
cmd-adaptor-sns-integration-tests/src/test/resources/docker-compose/docker-compose.yml:412:    image: localstack/localstack:0.12.18
cmd-adaptor-sns-integration-tests/src/test/resources/docker-compose/docker-compose.yml:432:      - redis
cmd-adaptor-sns-integration-tests/src/test/resources/docker-compose/docker-compose.yml:435:  schema-registry:
cmd-adaptor-sns-integration-tests/src/test/resources/docker-compose/docker-compose.yml:436:    # PM-71719: MSK deployed 3.9.1 equates to cp-kafka 7.9.7
cmd-adaptor-sns-integration-tests/src/test/resources/docker-compose/docker-compose.yml:438:    image: confluentinc/cp-schema-registry:7.9.7
cmd-adaptor-sns-integration-tests/src/test/resources/docker-compose/docker-compose.yml:439:    container_name: schema-registry
cmd-adaptor-sns-integration-tests/src/test/resources/docker-compose/docker-compose.yml:444:      - kafka
cmd-adaptor-sns-integration-tests/src/test/resources/docker-compose/docker-compose.yml:446:      SCHEMA_REGISTRY_HOST_NAME: schema-registry
cmd-adaptor-sns-integration-tests/src/test/resources/docker-compose/docker-compose.yml:447:      SCHEMA_REGISTRY_KAFKASTORE_BOOTSTRAP_SERVERS: PLAINTEXT://kafka:29092
cmd-adaptor-sns-integration-tests/src/test/resources/docker-compose/docker-compose.yml:457:  redis:
cmd-adaptor-sns-integration-tests/src/test/resources/docker-compose/docker-compose.yml:458:    container_name: redis
cmd-adaptor-sns-integration-tests/src/test/resources/docker-compose/docker-compose.yml:459:    image: redis:5.0.6
cmd-adaptor-sns-integration-tests/src/test/resources/docker-compose/docker-compose.yml:461:      test: ["CMD", "redis-cli", "ping"]
cmd-adaptor-sns-integration-tests/src/test/resources/docker-compose/docker-compose.yml:470:  wait4localstack:
cmd-adaptor-sns-integration-tests/src/test/resources/docker-compose/docker-compose.yml:471:    command: "/usr/local/bin/wait4localstack -e http://localstack:4566/health"
cmd-adaptor-sns-integration-tests/src/test/resources/docker-compose/docker-compose.yml:472:    container_name: wait4localstack
cmd-adaptor-sns-integration-tests/src/test/resources/docker-compose/docker-compose.yml:474:      - localstack
cmd-adaptor-sns-integration-tests/src/test/resources/docker-compose/docker-compose.yml:475:    image: "locp/wait4localstack:0.2.0"
cmd-adaptor-sns-integration-tests/src/test/resources/docker-compose/docker-compose.yml:479:    # PM-71719: MSK deployed 3.9.1 equates to cp-kafka 7.9.7
cmd-adaptor-sns-integration-tests/src/test/resources/docker-compose/docker-compose.yml:51:      - kafka
cmd-adaptor-sns-integration-tests/src/test/resources/docker-compose/docker-compose.yml:52:      - schema-registry
cmd-adaptor-sns-integration-tests/src/test/resources/docker-compose/docker-compose.yml:53:      - redis
cmd-adaptor-sns-integration-tests/src/test/resources/docker-compose/docker-compose.yml:57:      - FDP_KAFKA_SCHEMA_REGISTRY_URL=http://schema-registry:8081
cmd-adaptor-sns-integration-tests/src/test/resources/docker-compose/docker-compose.yml:59:      - FDP_KAFKA_BROKER=kafka:29092
cmd-adaptor-sns-integration-tests/src/test/resources/docker-compose/docker-compose.yml:61:      - FDP_APP_REDIS_NODES=redis:6379
cmd-adaptor-sns-integration-tests/src/test/resources/docker-compose/docker-compose.yml:82:      - kafka
cmd-adaptor-sns-integration-tests/src/test/resources/docker-compose/docker-compose.yml:83:      - schema-registry
cmd-adaptor-sns-integration-tests/src/test/resources/docker-compose/docker-compose.yml:91:      - FDP_APP_REDIS_NODES=redis:6379
cmd-adaptor-sns-integration-tests/src/test/resources/docker-compose/docker-compose.yml:92:      - FDP_KAFKA_SCHEMA_REGISTRY_URL=http://schema-registry:8081
cmd-adaptor-sns-integration-tests/src/test/resources/docker-compose/docker-compose.yml:94:      - FDP_KAFKA_BROKER=kafka:29092
cmd-adaptor-sns-integration-tests/src/test/resources/docker-compose/kafka-topic-extract/entrypoint.sh:11:# from the Kafka brokers for populated topics.
cmd-adaptor-sns-integration-tests/src/test/resources/docker-compose/kafka-topic-extract/entrypoint.sh:15:#   - KAFKA_REST_BOOTSTRAP_SERVERS the URL to the Kafka broker(s).
cmd-adaptor-sns-integration-tests/src/test/resources/docker-compose/kafka-topic-extract/entrypoint.sh:27:  kafka-avro-console-consumer \
cmd-adaptor-sns-integration-tests/src/test/resources/docker-compose/kafka-topic-extract/entrypoint.sh:45:  kafka-topics --list --bootstrap-server "${KAFKA_REST_BOOTSTRAP_SERVERS}"
cmd-adaptor-sns-integration-tests/src/test/resources/docker-compose/kafka-topic-extract/entrypoint.sh:50:  kafka-run-class kafka.tools.GetOffsetShell \
cmd-adaptor-sns-integration-tests/src/test/resources/docker-compose/pre-integration-test/app.py:104:        "1": "redis_kafka",
cmd-adaptor-sns-integration-tests/src/test/resources/docker-compose/pre-integration-test/app.py:113:    Setup S3 resources.
cmd-adaptor-sns-integration-tests/src/test/resources/docker-compose/pre-integration-test/app.py:125:    s3_bucket = os.environ["S3_BUCKET"]
cmd-adaptor-sns-integration-tests/src/test/resources/docker-compose/pre-integration-test/app.py:17:import redis
cmd-adaptor-sns-integration-tests/src/test/resources/docker-compose/pre-integration-test/app.py:19:from confluent_kafka.admin import AdminClient, NewTopic
cmd-adaptor-sns-integration-tests/src/test/resources/docker-compose/pre-integration-test/app.py:23:SCHEMA_REGISTRY_TEST_URL = "http://schema-registry:8081/subjects"
cmd-adaptor-sns-integration-tests/src/test/resources/docker-compose/pre-integration-test/app.py:41:def create_kafka_topics(bootstrap_servers, topics):
cmd-adaptor-sns-integration-tests/src/test/resources/docker-compose/pre-integration-test/app.py:58:        logger.info(f"Creating Kafka topic {topic_name} with {PARTITIONS} partitions.")
cmd-adaptor-sns-integration-tests/src/test/resources/docker-compose/pre-integration-test/app.py:697:if WAIT_CHECK == "redis_kafka":
cmd-adaptor-sns-integration-tests/src/test/resources/docker-compose/pre-integration-test/app.py:698:    rs = redis.Redis("redis")
cmd-adaptor-sns-integration-tests/src/test/resources/docker-compose/pre-integration-test/app.py:699:    redis_connected = False
cmd-adaptor-sns-integration-tests/src/test/resources/docker-compose/pre-integration-test/app.py:701:    while not redis_connected:
cmd-adaptor-sns-integration-tests/src/test/resources/docker-compose/pre-integration-test/app.py:704:            logger.info("Successfully connected to Redis.")
cmd-adaptor-sns-integration-tests/src/test/resources/docker-compose/pre-integration-test/app.py:705:            redis_connected = True
cmd-adaptor-sns-integration-tests/src/test/resources/docker-compose/pre-integration-test/app.py:707:            logger.error("Unable to connect to redis.")
cmd-adaptor-sns-integration-tests/src/test/resources/docker-compose/pre-integration-test/app.py:713:    create_kafka_topics("kafka:29092", topic_names)
cmd-adaptor-sns-integration-tests/src/test/resources/docker-compose/pre-integration-test/app.py:744:if "S3_ENDPOINT_URL" in os.environ:
cmd-adaptor-sns-integration-tests/src/test/resources/docker-compose/pre-integration-test/app.py:745:    s3_setup(os.environ["S3_ENDPOINT_URL"])
cmd-adaptor-sns-integration-tests/src/test/resources/docker-compose/pre-integration-test/app.py:747:    logger.info("Skipping S3 setup.")
cmd-adaptor-sns-integration-tests/src/test/resources/docker-compose/pre-integration-test/app.py:77:            logger.info("Kafka Topic {} created".format(topic))
cmd-adaptor-sns-integration-tests/src/test/resources/docker-compose/pre-integration-test/app.py:79:            logger.error("Failed to Kafka create topic {}: {}".format(topic, err))
cmd-adaptor-sns-integration-tests/src/test/resources/docker-compose/pre-integration-test/Dockerfile:13:  && apt-get install -y gcc librdkafka1 librdkafka-dev \
cmd-adaptor-sns-integration-tests/src/test/resources/docker-compose/pre-integration-test/requirements.txt:2:confluent-kafka==1.5.0
cmd-adaptor-sns-integration-tests/src/test/resources/docker-compose/pre-integration-test/requirements.txt:3:redis==3.5.3
cmd-adaptor-sns-integration-tests/src/test/resources/features/E2E_Event.feature:1000:      | associationStart.target.poleId.v2.id          | SNSENS:S={movementReferenceNumber{testId}IN5555{testId}}                                                                                                                                                                        |
cmd-adaptor-sns-integration-tests/src/test/resources/features/E2E_Event.feature:1005:    And one Event record for "SNS-ASSOC-Send2Cons" with following attributes
cmd-adaptor-sns-integration-tests/src/test/resources/features/E2E_Event.feature:1006:      | metadata.identityRecord.poleId.v2.id          | SNSENS:E={[SNSENS:P={Testing,5 Test Street,TE5 1IN{testId},Testville}[SNS-SENDER]][movementReferenceNumber{testId}123][PTOS]} |
cmd-adaptor-sns-integration-tests/src/test/resources/features/E2E_Event.feature:1008:      | metadata.sourceRecord.name                    | SNSENS                                                                                                                        |
cmd-adaptor-sns-integration-tests/src/test/resources/features/E2E_Event.feature:1009:      | metadata.sourceRecord.shortName               | SNS                                                                                                                           |
cmd-adaptor-sns-integration-tests/src/test/resources/features/E2E_Event.feature:100:    And one Event record for "SNS-ASSOC-CNot2Cons" with following attributes
cmd-adaptor-sns-integration-tests/src/test/resources/features/E2E_Event.feature:1011:      | metadata.sourceRecord.id                      | {[SNSENS:P={Testing,5 Test Street,TE5 1IN{testId},Testville}[SNS-SENDER]][movementReferenceNumber{testId}123][PTOS]}          |
cmd-adaptor-sns-integration-tests/src/test/resources/features/E2E_Event.feature:1014:      | metadata.mappingRecord.name                   | SNS-ASSOC-Send2Cons                                                                                                           |
cmd-adaptor-sns-integration-tests/src/test/resources/features/E2E_Event.feature:101:      | metadata.identityRecord.poleId.v2.id          | SNSENS:E={[SNSENS:P={partyCNotify1,St Katharine,EC3N 4AB{testId},London}[SNS-C-NOTIFY]][SNSENS:S={movementReferenceNumber{testId}789}][PTOS]} |
cmd-adaptor-sns-integration-tests/src/test/resources/features/E2E_Event.feature:1020:      | subject.poleId.v2.id                          | SNSENS:P={Testing,5 Test Street,TE5 1IN{testId},Testville}[SNS-SENDER]                                                        |
cmd-adaptor-sns-integration-tests/src/test/resources/features/E2E_Event.feature:1023:      | associationStart.target.poleId.v2.id          | SNSENS:S={movementReferenceNumber{testId}123}                                                                                 |
cmd-adaptor-sns-integration-tests/src/test/resources/features/E2E_Event.feature:1028:    And one Event record for "SNS-ASSOC-Send2Cons" with following attributes
cmd-adaptor-sns-integration-tests/src/test/resources/features/E2E_Event.feature:1029:      | metadata.identityRecord.poleId.v2.id          | SNSENS:E={[SNSENS:P={Testing,5 Test Street,TE5 1IN{testId},Testville}[SNS-SENDER]][movementReferenceNumber{testId}789][PTOS]} |
cmd-adaptor-sns-integration-tests/src/test/resources/features/E2E_Event.feature:1031:      | metadata.sourceRecord.name                    | SNSENS                                                                                                                        |
cmd-adaptor-sns-integration-tests/src/test/resources/features/E2E_Event.feature:1032:      | metadata.sourceRecord.shortName               | SNS                                                                                                                           |
cmd-adaptor-sns-integration-tests/src/test/resources/features/E2E_Event.feature:1034:      | metadata.sourceRecord.id                      | {[SNSENS:P={Testing,5 Test Street,TE5 1IN{testId},Testville}[SNS-SENDER]][movementReferenceNumber{testId}789][PTOS]}          |
cmd-adaptor-sns-integration-tests/src/test/resources/features/E2E_Event.feature:1037:      | metadata.mappingRecord.name                   | SNS-ASSOC-Send2Cons                                                                                                           |
cmd-adaptor-sns-integration-tests/src/test/resources/features/E2E_Event.feature:103:      | metadata.sourceRecord.name                    | SNSENS                                                                                                                                        |
cmd-adaptor-sns-integration-tests/src/test/resources/features/E2E_Event.feature:1043:      | subject.poleId.v2.id                          | SNSENS:P={Testing,5 Test Street,TE5 1IN{testId},Testville}[SNS-SENDER]                                                        |
cmd-adaptor-sns-integration-tests/src/test/resources/features/E2E_Event.feature:1046:      | associationStart.target.poleId.v2.id          | SNSENS:S={movementReferenceNumber{testId}789}                                                                                 |
cmd-adaptor-sns-integration-tests/src/test/resources/features/E2E_Event.feature:104:      | metadata.sourceRecord.shortName               | SNS                                                                                                                                           |
cmd-adaptor-sns-integration-tests/src/test/resources/features/E2E_Event.feature:1050:    And one Event record for "SNS-ASSOC-Ite2Cons" with following attributes
cmd-adaptor-sns-integration-tests/src/test/resources/features/E2E_Event.feature:1051:      | metadata.identityRecord.poleId.v2.id          | SNSENS:E={[SNSENS:S={movementReferenceNumber{testId}IN1234{testId}}][SNSENS:S={movementReferenceNumber{testId}123}][STOS]} |
cmd-adaptor-sns-integration-tests/src/test/resources/features/E2E_Event.feature:1053:      | metadata.sourceRecord.name                    | SNSENS                                                                                                                     |
cmd-adaptor-sns-integration-tests/src/test/resources/features/E2E_Event.feature:1054:      | metadata.sourceRecord.shortName               | SNS                                                                                                                        |
cmd-adaptor-sns-integration-tests/src/test/resources/features/E2E_Event.feature:1056:      | metadata.sourceRecord.id                      | {[SNSENS:S={movementReferenceNumber{testId}IN1234{testId}}][SNSENS:S={movementReferenceNumber{testId}123}][STOS]}          |
cmd-adaptor-sns-integration-tests/src/test/resources/features/E2E_Event.feature:1059:      | metadata.mappingRecord.name                   | SNS-ASSOC-Ite2Cons                                                                                                         |
cmd-adaptor-sns-integration-tests/src/test/resources/features/E2E_Event.feature:1065:      | subject.poleId.v2.id                          | SNSENS:S={movementReferenceNumber{testId}123}                                                                              |
cmd-adaptor-sns-integration-tests/src/test/resources/features/E2E_Event.feature:1068:      | associationStart.target.poleId.v2.id          | SNSENS:S={movementReferenceNumber{testId}IN1234{testId}}                                                                   |
cmd-adaptor-sns-integration-tests/src/test/resources/features/E2E_Event.feature:106:      | metadata.sourceRecord.id                      | {[SNSENS:P={partyCNotify1,St Katharine,EC3N 4AB{testId},London}[SNS-C-NOTIFY]][SNSENS:S={movementReferenceNumber{testId}789}][PTOS]}          |
cmd-adaptor-sns-integration-tests/src/test/resources/features/E2E_Event.feature:1072:    And one Event record for "SNS-ASSOC-Ite2Cons" with following attributes
cmd-adaptor-sns-integration-tests/src/test/resources/features/E2E_Event.feature:1073:      | metadata.identityRecord.poleId.v2.id          | SNSENS:E={[SNSENS:S={movementReferenceNumber{testId}IN9876{testId}}][SNSENS:S={movementReferenceNumber{testId}789}][STOS]} |
cmd-adaptor-sns-integration-tests/src/test/resources/features/E2E_Event.feature:1075:      | metadata.sourceRecord.name                    | SNSENS                                                                                                                     |
cmd-adaptor-sns-integration-tests/src/test/resources/features/E2E_Event.feature:1076:      | metadata.sourceRecord.shortName               | SNS                                                                                                                        |
cmd-adaptor-sns-integration-tests/src/test/resources/features/E2E_Event.feature:1078:      | metadata.sourceRecord.id                      | {[SNSENS:S={movementReferenceNumber{testId}IN9876{testId}}][SNSENS:S={movementReferenceNumber{testId}789}][STOS]}          |
cmd-adaptor-sns-integration-tests/src/test/resources/features/E2E_Event.feature:1081:      | metadata.mappingRecord.name                   | SNS-ASSOC-Ite2Cons                                                                                                         |
cmd-adaptor-sns-integration-tests/src/test/resources/features/E2E_Event.feature:1087:      | subject.poleId.v2.id                          | SNSENS:S={movementReferenceNumber{testId}789}                                                                              |
cmd-adaptor-sns-integration-tests/src/test/resources/features/E2E_Event.feature:1090:      | associationStart.target.poleId.v2.id          | SNSENS:S={movementReferenceNumber{testId}IN9876{testId}}                                                                   |
cmd-adaptor-sns-integration-tests/src/test/resources/features/E2E_Event.feature:1094:    And one Event record for "SNS-ASSOC-Ite2Cons" with following attributes
cmd-adaptor-sns-integration-tests/src/test/resources/features/E2E_Event.feature:1095:      | metadata.identityRecord.poleId.v2.id          | SNSENS:E={[SNSENS:S={movementReferenceNumber{testId}IN5555{testId}}][SNSENS:S={movementReferenceNumber{testId}789}][STOS]} |
cmd-adaptor-sns-integration-tests/src/test/resources/features/E2E_Event.feature:1097:      | metadata.sourceRecord.name                    | SNSENS                                                                                                                     |
cmd-adaptor-sns-integration-tests/src/test/resources/features/E2E_Event.feature:1098:      | metadata.sourceRecord.shortName               | SNS                                                                                                                        |
cmd-adaptor-sns-integration-tests/src/test/resources/features/E2E_Event.feature:109:      | metadata.mappingRecord.name                   | SNS-ASSOC-CNot2Cons                                                                                                                           |
cmd-adaptor-sns-integration-tests/src/test/resources/features/E2E_Event.feature:1100:      | metadata.sourceRecord.id                      | {[SNSENS:S={movementReferenceNumber{testId}IN5555{testId}}][SNSENS:S={movementReferenceNumber{testId}789}][STOS]}          |
cmd-adaptor-sns-integration-tests/src/test/resources/features/E2E_Event.feature:1103:      | metadata.mappingRecord.name                   | SNS-ASSOC-Ite2Cons                                                                                                         |
cmd-adaptor-sns-integration-tests/src/test/resources/features/E2E_Event.feature:1109:      | subject.poleId.v2.id                          | SNSENS:S={movementReferenceNumber{testId}789}                                                                              |
cmd-adaptor-sns-integration-tests/src/test/resources/features/E2E_Event.feature:1112:      | associationStart.target.poleId.v2.id          | SNSENS:S={movementReferenceNumber{testId}IN5555{testId}}                                                                   |
cmd-adaptor-sns-integration-tests/src/test/resources/features/E2E_Event.feature:1116:    And one Event record for "SNS-ASSOC-Doc2Ite" with following attributes
cmd-adaptor-sns-integration-tests/src/test/resources/features/E2E_Event.feature:1117:      | metadata.identityRecord.poleId.v2.id          | SNSENS:E={[SNSENS:P=null[{704ABC1234567EnglishmovementReferenceNumber{testId}}],O={704ABC1234567EnglishmovementReferenceNumber{testId}}][SNSENS:S={movementReferenceNumber{testId}IN1234{testId}}][OTOSASSO]} |
cmd-adaptor-sns-integration-tests/src/test/resources/features/E2E_Event.feature:1119:      | metadata.sourceRecord.name                    | SNSENS                                                                                                                                                                                                        |
cmd-adaptor-sns-integration-tests/src/test/resources/features/E2E_Event.feature:1120:      | metadata.sourceRecord.shortName               | SNS                                                                                                                                                                                                           |
cmd-adaptor-sns-integration-tests/src/test/resources/features/E2E_Event.feature:1122:      | metadata.sourceRecord.id                      | {[SNSENS:P=null[{704ABC1234567EnglishmovementReferenceNumber{testId}}],O={704ABC1234567EnglishmovementReferenceNumber{testId}}][SNSENS:S={movementReferenceNumber{testId}IN1234{testId}}][OTOSASSO]}          |
cmd-adaptor-sns-integration-tests/src/test/resources/features/E2E_Event.feature:1125:      | metadata.mappingRecord.name                   | SNS-ASSOC-Doc2Ite                                                                                                                                                                                             |
cmd-adaptor-sns-integration-tests/src/test/resources/features/E2E_Event.feature:1131:      | subject.poleId.v2.id                          | SNSENS:P=null[{704ABC1234567EnglishmovementReferenceNumber{testId}}],O={704ABC1234567EnglishmovementReferenceNumber{testId}}                                                                                  |
cmd-adaptor-sns-integration-tests/src/test/resources/features/E2E_Event.feature:1134:      | associationStart.target.poleId.v2.id          | SNSENS:S={movementReferenceNumber{testId}IN1234{testId}}                                                                                                                                                      |
cmd-adaptor-sns-integration-tests/src/test/resources/features/E2E_Event.feature:1138:    And one Event record for "SNS-ASSOC-Doc2Ite" with following attributes
cmd-adaptor-sns-integration-tests/src/test/resources/features/E2E_Event.feature:1139:      | metadata.identityRecord.poleId.v2.id          | SNSENS:E={[SNSENS:P=null[{N704BH-123GermanmovementReferenceNumber{testId}}],O={N704BH-123GermanmovementReferenceNumber{testId}}][SNSENS:S={movementReferenceNumber{testId}IN9876{testId}}][OTOSASSO]} |
cmd-adaptor-sns-integration-tests/src/test/resources/features/E2E_Event.feature:1141:      | metadata.sourceRecord.name                    | SNSENS                                                                                                                                                                                                |
cmd-adaptor-sns-integration-tests/src/test/resources/features/E2E_Event.feature:1142:      | metadata.sourceRecord.shortName               | SNS                                                                                                                                                                                                   |
cmd-adaptor-sns-integration-tests/src/test/resources/features/E2E_Event.feature:1144:      | metadata.sourceRecord.id                      | {[SNSENS:P=null[{N704BH-123GermanmovementReferenceNumber{testId}}],O={N704BH-123GermanmovementReferenceNumber{testId}}][SNSENS:S={movementReferenceNumber{testId}IN9876{testId}}][OTOSASSO]}          |
cmd-adaptor-sns-integration-tests/src/test/resources/features/E2E_Event.feature:1147:      | metadata.mappingRecord.name                   | SNS-ASSOC-Doc2Ite                                                                                                                                                                                     |
cmd-adaptor-sns-integration-tests/src/test/resources/features/E2E_Event.feature:1153:      | subject.poleId.v2.id                          | SNSENS:P=null[{N704BH-123GermanmovementReferenceNumber{testId}}],O={N704BH-123GermanmovementReferenceNumber{testId}}                                                                                  |
cmd-adaptor-sns-integration-tests/src/test/resources/features/E2E_Event.feature:1156:      | associationStart.target.poleId.v2.id          | SNSENS:S={movementReferenceNumber{testId}IN9876{testId}}                                                                                                                                              |
cmd-adaptor-sns-integration-tests/src/test/resources/features/E2E_Event.feature:115:      | subject.poleId.v2.id                          | SNSENS:P={partyCNotify1,St Katharine,EC3N 4AB{testId},London}[SNS-C-NOTIFY]                                                                   |
cmd-adaptor-sns-integration-tests/src/test/resources/features/E2E_Event.feature:1160:    And one Event record for "SNS-ASSOC-Doc2Ite" with following attributes
cmd-adaptor-sns-integration-tests/src/test/resources/features/E2E_Event.feature:1161:      | metadata.identityRecord.poleId.v2.id          | SNSENS:E={[SNSENS:P=null[{714HX-987FrenchmovementReferenceNumber{testId}}],O={714HX-987FrenchmovementReferenceNumber{testId}}][SNSENS:S={movementReferenceNumber{testId}IN9876{testId}}][OTOSASSO]} |
cmd-adaptor-sns-integration-tests/src/test/resources/features/E2E_Event.feature:1163:      | metadata.sourceRecord.name                    | SNSENS                                                                                                                                                                                              |
cmd-adaptor-sns-integration-tests/src/test/resources/features/E2E_Event.feature:1164:      | metadata.sourceRecord.shortName               | SNS                                                                                                                                                                                                 |
cmd-adaptor-sns-integration-tests/src/test/resources/features/E2E_Event.feature:1166:      | metadata.sourceRecord.id                      | {[SNSENS:P=null[{714HX-987FrenchmovementReferenceNumber{testId}}],O={714HX-987FrenchmovementReferenceNumber{testId}}][SNSENS:S={movementReferenceNumber{testId}IN9876{testId}}][OTOSASSO]}          |
cmd-adaptor-sns-integration-tests/src/test/resources/features/E2E_Event.feature:1169:      | metadata.mappingRecord.name                   | SNS-ASSOC-Doc2Ite                                                                                                                                                                                   |
cmd-adaptor-sns-integration-tests/src/test/resources/features/E2E_Event.feature:1175:      | subject.poleId.v2.id                          | SNSENS:P=null[{714HX-987FrenchmovementReferenceNumber{testId}}],O={714HX-987FrenchmovementReferenceNumber{testId}}                                                                                  |
cmd-adaptor-sns-integration-tests/src/test/resources/features/E2E_Event.feature:1178:      | associationStart.target.poleId.v2.id          | SNSENS:S={movementReferenceNumber{testId}IN9876{testId}}                                                                                                                                            |
cmd-adaptor-sns-integration-tests/src/test/resources/features/E2E_Event.feature:1182:    And one Event record for "SNS-ASSOC-Doc2Ite" with following attributes
cmd-adaptor-sns-integration-tests/src/test/resources/features/E2E_Event.feature:1183:      | metadata.identityRecord.poleId.v2.id          | SNSENS:E={[SNSENS:P=null[{N704BH-123GermanmovementReferenceNumber{testId}}],O={N704BH-123GermanmovementReferenceNumber{testId}}][SNSENS:S={movementReferenceNumber{testId}IN5555{testId}}][OTOSASSO]} |
cmd-adaptor-sns-integration-tests/src/test/resources/features/E2E_Event.feature:1185:      | metadata.sourceRecord.name                    | SNSENS                                                                                                                                                                                                |
cmd-adaptor-sns-integration-tests/src/test/resources/features/E2E_Event.feature:1186:      | metadata.sourceRecord.shortName               | SNS                                                                                                                                                                                                   |
cmd-adaptor-sns-integration-tests/src/test/resources/features/E2E_Event.feature:1188:      | metadata.sourceRecord.id                      | {[SNSENS:P=null[{N704BH-123GermanmovementReferenceNumber{testId}}],O={N704BH-123GermanmovementReferenceNumber{testId}}][SNSENS:S={movementReferenceNumber{testId}IN5555{testId}}][OTOSASSO]}          |
cmd-adaptor-sns-integration-tests/src/test/resources/features/E2E_Event.feature:118:      | associationStart.target.poleId.v2.id          | SNSENS:S={movementReferenceNumber{testId}789}                                                                                                 |
cmd-adaptor-sns-integration-tests/src/test/resources/features/E2E_Event.feature:1191:      | metadata.mappingRecord.name                   | SNS-ASSOC-Doc2Ite                                                                                                                                                                                     |
cmd-adaptor-sns-integration-tests/src/test/resources/features/E2E_Event.feature:1197:      | subject.poleId.v2.id                          | SNSENS:P=null[{N704BH-123GermanmovementReferenceNumber{testId}}],O={N704BH-123GermanmovementReferenceNumber{testId}}                                                                                  |
cmd-adaptor-sns-integration-tests/src/test/resources/features/E2E_Event.feature:11:    And one Event record for "SNS-ASSOC-CCon2Cons" with following attributes
cmd-adaptor-sns-integration-tests/src/test/resources/features/E2E_Event.feature:1200:      | associationStart.target.poleId.v2.id          | SNSENS:S={movementReferenceNumber{testId}IN5555{testId}}                                                                                                                                              |
cmd-adaptor-sns-integration-tests/src/test/resources/features/E2E_Event.feature:1204:    And one Event record for "SNS-ASSOC-Doc2Ite" with following attributes
cmd-adaptor-sns-integration-tests/src/test/resources/features/E2E_Event.feature:1205:      | metadata.identityRecord.poleId.v2.id          | SNSENS:E={[SNSENS:P=null[{714HX-987FrenchmovementReferenceNumber{testId}}],O={714HX-987FrenchmovementReferenceNumber{testId}}][SNSENS:S={movementReferenceNumber{testId}IN5555{testId}}][OTOSASSO]} |
cmd-adaptor-sns-integration-tests/src/test/resources/features/E2E_Event.feature:1207:      | metadata.sourceRecord.name                    | SNSENS                                                                                                                                                                                              |
cmd-adaptor-sns-integration-tests/src/test/resources/features/E2E_Event.feature:1208:      | metadata.sourceRecord.shortName               | SNS                                                                                                                                                                                                 |
cmd-adaptor-sns-integration-tests/src/test/resources/features/E2E_Event.feature:1210:      | metadata.sourceRecord.id                      | {[SNSENS:P=null[{714HX-987FrenchmovementReferenceNumber{testId}}],O={714HX-987FrenchmovementReferenceNumber{testId}}][SNSENS:S={movementReferenceNumber{testId}IN5555{testId}}][OTOSASSO]}          |
cmd-adaptor-sns-integration-tests/src/test/resources/features/E2E_Event.feature:1213:      | metadata.mappingRecord.name                   | SNS-ASSOC-Doc2Ite                                                                                                                                                                                   |
cmd-adaptor-sns-integration-tests/src/test/resources/features/E2E_Event.feature:1219:      | subject.poleId.v2.id                          | SNSENS:P=null[{714HX-987FrenchmovementReferenceNumber{testId}}],O={714HX-987FrenchmovementReferenceNumber{testId}}                                                                                  |
cmd-adaptor-sns-integration-tests/src/test/resources/features/E2E_Event.feature:1222:      | associationStart.target.poleId.v2.id          | SNSENS:S={movementReferenceNumber{testId}IN5555{testId}}                                                                                                                                            |
cmd-adaptor-sns-integration-tests/src/test/resources/features/E2E_Event.feature:1228:    And one Event record for "SNS-ASSOC-Veh2Tra" with following attributes
cmd-adaptor-sns-integration-tests/src/test/resources/features/E2E_Event.feature:1229:      | metadata.identityRecord.poleId.v2.id          | SNSENS:E={[SNSENS:P=null[{Nationality{testId}vehicle001}],O={Nationality{testId}vehicle001}][SNSENS:P=null[{trailer001Nationality{testId}movementReferenceNumber{testId}}],O={trailer001Nationality{testId}movementReferenceNumber{testId}}][OTOOLINK]} |
cmd-adaptor-sns-integration-tests/src/test/resources/features/E2E_Event.feature:122:    And one Event record for "SNS-ASSOC-CNot2Cons" with following attributes
cmd-adaptor-sns-integration-tests/src/test/resources/features/E2E_Event.feature:1231:      | metadata.sourceRecord.name                    | SNSENS                                                                                                                                                                                                                                                  |
cmd-adaptor-sns-integration-tests/src/test/resources/features/E2E_Event.feature:1232:      | metadata.sourceRecord.shortName               | SNS                                                                                                                                                                                                                                                     |
cmd-adaptor-sns-integration-tests/src/test/resources/features/E2E_Event.feature:1234:      | metadata.sourceRecord.id                      | {[SNSENS:P=null[{Nationality{testId}vehicle001}],O={Nationality{testId}vehicle001}][SNSENS:P=null[{trailer001Nationality{testId}movementReferenceNumber{testId}}],O={trailer001Nationality{testId}movementReferenceNumber{testId}}][OTOOLINK]}          |
cmd-adaptor-sns-integration-tests/src/test/resources/features/E2E_Event.feature:1237:      | metadata.mappingRecord.name                   | SNS-ASSOC-Veh2Tra                                                                                                                                                                                                                                       |
cmd-adaptor-sns-integration-tests/src/test/resources/features/E2E_Event.feature:123:      | metadata.identityRecord.poleId.v2.id          | SNSENS:E={[SNSENS:P={locationCNotify2,St Katharine,EC3N 4AB{testId},London}[SNS-C-NOTIFY]][SNSENS:S={movementReferenceNumber{testId}789}][PTOS]} |
cmd-adaptor-sns-integration-tests/src/test/resources/features/E2E_Event.feature:1243:      | subject.poleId.v2.id                          | SNSENS:P=null[{Nationality{testId}vehicle001}],O={Nationality{testId}vehicle001}                                                                                                                                                                        |
cmd-adaptor-sns-integration-tests/src/test/resources/features/E2E_Event.feature:1246:      | associationStart.target.poleId.v2.id          | SNSENS:P=null[{trailer001Nationality{testId}movementReferenceNumber{testId}}],O={trailer001Nationality{testId}movementReferenceNumber{testId}}                                                                                                          |
cmd-adaptor-sns-integration-tests/src/test/resources/features/E2E_Event.feature:125:      | metadata.sourceRecord.name                    | SNSENS                                                                                                                                           |
cmd-adaptor-sns-integration-tests/src/test/resources/features/E2E_Event.feature:126:      | metadata.sourceRecord.shortName               | SNS                                                                                                                                              |
cmd-adaptor-sns-integration-tests/src/test/resources/features/E2E_Event.feature:128:      | metadata.sourceRecord.id                      | {[SNSENS:P={locationCNotify2,St Katharine,EC3N 4AB{testId},London}[SNS-C-NOTIFY]][SNSENS:S={movementReferenceNumber{testId}789}][PTOS]}          |
cmd-adaptor-sns-integration-tests/src/test/resources/features/E2E_Event.feature:12:      | metadata.identityRecord.poleId.v2.id          | SNSENS:E={[SNSENS:P={partyCConsignee0,Castlehill,EH1 2NG{testId},Edinburgh}[SNS-C-CONSIGNEE]][SNSENS:S={movementReferenceNumber{testId}123}][PTOSCSIGNE]} |
cmd-adaptor-sns-integration-tests/src/test/resources/features/E2E_Event.feature:131:      | metadata.mappingRecord.name                   | SNS-ASSOC-CNot2Cons                                                                                                                              |
cmd-adaptor-sns-integration-tests/src/test/resources/features/E2E_Event.feature:137:      | subject.poleId.v2.id                          | SNSENS:P={locationCNotify2,St Katharine,EC3N 4AB{testId},London}[SNS-C-NOTIFY]                                                                   |
cmd-adaptor-sns-integration-tests/src/test/resources/features/E2E_Event.feature:140:      | associationStart.target.poleId.v2.id          | SNSENS:S={movementReferenceNumber{testId}789}                                                                                                    |
cmd-adaptor-sns-integration-tests/src/test/resources/features/E2E_Event.feature:144:    And one Event record for "SNS-ASSOC-CShi2Cons" with following attributes
cmd-adaptor-sns-integration-tests/src/test/resources/features/E2E_Event.feature:145:      | metadata.identityRecord.poleId.v2.id          | SNSENS:E={[SNSENS:P={goodsConsignor,12 Abbey Road,NW1 4AB{testId},London}[SNS-C-SHIPPER]][SNSENS:S={movementReferenceNumber{testId}123}][PTOSSHIP]} |
cmd-adaptor-sns-integration-tests/src/test/resources/features/E2E_Event.feature:147:      | metadata.sourceRecord.name                    | SNSENS                                                                                                                                              |
cmd-adaptor-sns-integration-tests/src/test/resources/features/E2E_Event.feature:148:      | metadata.sourceRecord.shortName               | SNS                                                                                                                                                 |
cmd-adaptor-sns-integration-tests/src/test/resources/features/E2E_Event.feature:14:      | metadata.sourceRecord.name                    | SNSENS                                                                                                                                                    |
cmd-adaptor-sns-integration-tests/src/test/resources/features/E2E_Event.feature:150:      | metadata.sourceRecord.id                      | {[SNSENS:P={goodsConsignor,12 Abbey Road,NW1 4AB{testId},London}[SNS-C-SHIPPER]][SNSENS:S={movementReferenceNumber{testId}123}][PTOSSHIP]}          |
cmd-adaptor-sns-integration-tests/src/test/resources/features/E2E_Event.feature:153:      | metadata.mappingRecord.name                   | SNS-ASSOC-CShi2Cons                                                                                                                                 |
cmd-adaptor-sns-integration-tests/src/test/resources/features/E2E_Event.feature:159:      | subject.poleId.v2.id                          | SNSENS:P={goodsConsignor,12 Abbey Road,NW1 4AB{testId},London}[SNS-C-SHIPPER]                                                                       |
cmd-adaptor-sns-integration-tests/src/test/resources/features/E2E_Event.feature:15:      | metadata.sourceRecord.shortName               | SNS                                                                                                                                                       |
cmd-adaptor-sns-integration-tests/src/test/resources/features/E2E_Event.feature:162:      | associationStart.target.poleId.v2.id          | SNSENS:S={movementReferenceNumber{testId}123}                                                                                                       |
cmd-adaptor-sns-integration-tests/src/test/resources/features/E2E_Event.feature:166:    And one Event record for "SNS-ASSOC-CShi2Cons" with following attributes
cmd-adaptor-sns-integration-tests/src/test/resources/features/E2E_Event.feature:167:      | metadata.identityRecord.poleId.v2.id          | SNSENS:E={[SNSENS:P={Location CShip,8 Somewhere Street,NW1 5EX{testId},London}[SNS-C-SHIPPER]][SNSENS:S={movementReferenceNumber{testId}789}][PTOSSHIP]} |
cmd-adaptor-sns-integration-tests/src/test/resources/features/E2E_Event.feature:169:      | metadata.sourceRecord.name                    | SNSENS                                                                                                                                                   |
cmd-adaptor-sns-integration-tests/src/test/resources/features/E2E_Event.feature:170:      | metadata.sourceRecord.shortName               | SNS                                                                                                                                                      |
cmd-adaptor-sns-integration-tests/src/test/resources/features/E2E_Event.feature:172:      | metadata.sourceRecord.id                      | {[SNSENS:P={Location CShip,8 Somewhere Street,NW1 5EX{testId},London}[SNS-C-SHIPPER]][SNSENS:S={movementReferenceNumber{testId}789}][PTOSSHIP]}          |
cmd-adaptor-sns-integration-tests/src/test/resources/features/E2E_Event.feature:175:      | metadata.mappingRecord.name                   | SNS-ASSOC-CShi2Cons                                                                                                                                      |
cmd-adaptor-sns-integration-tests/src/test/resources/features/E2E_Event.feature:17:      | metadata.sourceRecord.id                      | {[SNSENS:P={partyCConsignee0,Castlehill,EH1 2NG{testId},Edinburgh}[SNS-C-CONSIGNEE]][SNSENS:S={movementReferenceNumber{testId}123}][PTOSCSIGNE]}          |
cmd-adaptor-sns-integration-tests/src/test/resources/features/E2E_Event.feature:181:      | subject.poleId.v2.id                          | SNSENS:P={Location CShip,8 Somewhere Street,NW1 5EX{testId},London}[SNS-C-SHIPPER]                                                                       |
cmd-adaptor-sns-integration-tests/src/test/resources/features/E2E_Event.feature:184:      | associationStart.target.poleId.v2.id          | SNSENS:S={movementReferenceNumber{testId}789}                                                                                                            |
cmd-adaptor-sns-integration-tests/src/test/resources/features/E2E_Event.feature:188:    And one Event record for "SNS-ASSOC-CShi2Cons" with following attributes
cmd-adaptor-sns-integration-tests/src/test/resources/features/E2E_Event.feature:189:      | metadata.identityRecord.poleId.v2.id          | SNSENS:E={[SNSENS:P={goodsConsignorName2{testId}40LeedsLE12 0DS100}[SNS-C-SHIPPER]][SNSENS:S={movementReferenceNumber{testId}789}][PTOSSHIP]} |
cmd-adaptor-sns-integration-tests/src/test/resources/features/E2E_Event.feature:191:      | metadata.sourceRecord.name                    | SNSENS                                                                                                                                        |
cmd-adaptor-sns-integration-tests/src/test/resources/features/E2E_Event.feature:192:      | metadata.sourceRecord.shortName               | SNS                                                                                                                                           |
cmd-adaptor-sns-integration-tests/src/test/resources/features/E2E_Event.feature:194:      | metadata.sourceRecord.id                      | {[SNSENS:P={goodsConsignorName2{testId}40LeedsLE12 0DS100}[SNS-C-SHIPPER]][SNSENS:S={movementReferenceNumber{testId}789}][PTOSSHIP]}          |
cmd-adaptor-sns-integration-tests/src/test/resources/features/E2E_Event.feature:197:      | metadata.mappingRecord.name                   | SNS-ASSOC-CShi2Cons                                                                                                                           |
cmd-adaptor-sns-integration-tests/src/test/resources/features/E2E_Event.feature:203:      | subject.poleId.v2.id                          | SNSENS:P={goodsConsignorName2{testId}40LeedsLE12 0DS100}[SNS-C-SHIPPER]                                                                       |
cmd-adaptor-sns-integration-tests/src/test/resources/features/E2E_Event.feature:206:      | associationStart.target.poleId.v2.id          | SNSENS:S={movementReferenceNumber{testId}789}                                                                                                 |
cmd-adaptor-sns-integration-tests/src/test/resources/features/E2E_Event.feature:20:      | metadata.mappingRecord.name                   | SNS-ASSOC-CCon2Cons                                                                                                                                       |
cmd-adaptor-sns-integration-tests/src/test/resources/features/E2E_Event.feature:210:    And one Event record for "SNS-ASSOC-Dec2Cons" with following attributes
cmd-adaptor-sns-integration-tests/src/test/resources/features/E2E_Event.feature:211:      | metadata.identityRecord.poleId.v2.id          | SNSENS:E={[SNSENS:P={partyDeclarant,1 Savoy Hill,WC2R 0BP{testId},London}[SNS-DECLARANT]][SNSENS:S={movementReferenceNumber{testId}123}][PTOS]} |
cmd-adaptor-sns-integration-tests/src/test/resources/features/E2E_Event.feature:213:      | metadata.sourceRecord.name                    | SNSENS                                                                                                                                          |
cmd-adaptor-sns-integration-tests/src/test/resources/features/E2E_Event.feature:214:      | metadata.sourceRecord.shortName               | SNS                                                                                                                                             |
cmd-adaptor-sns-integration-tests/src/test/resources/features/E2E_Event.feature:216:      | metadata.sourceRecord.id                      | {[SNSENS:P={partyDeclarant,1 Savoy Hill,WC2R 0BP{testId},London}[SNS-DECLARANT]][SNSENS:S={movementReferenceNumber{testId}123}][PTOS]}          |
cmd-adaptor-sns-integration-tests/src/test/resources/features/E2E_Event.feature:219:      | metadata.mappingRecord.name                   | SNS-ASSOC-Dec2Cons                                                                                                                              |
cmd-adaptor-sns-integration-tests/src/test/resources/features/E2E_Event.feature:225:      | subject.poleId.v2.id                          | SNSENS:P={partyDeclarant,1 Savoy Hill,WC2R 0BP{testId},London}[SNS-DECLARANT]                                                                   |
cmd-adaptor-sns-integration-tests/src/test/resources/features/E2E_Event.feature:228:      | associationStart.target.poleId.v2.id          | SNSENS:S={movementReferenceNumber{testId}123}                                                                                                   |
cmd-adaptor-sns-integration-tests/src/test/resources/features/E2E_Event.feature:232:    And one Event record for "SNS-ASSOC-Dec2Cons" with following attributes
cmd-adaptor-sns-integration-tests/src/test/resources/features/E2E_Event.feature:233:      | metadata.identityRecord.poleId.v2.id          | SNSENS:E={[SNSENS:P={partyDeclarant,1 Savoy Hill,WC2R 0BP{testId},London}[SNS-DECLARANT]][SNSENS:S={movementReferenceNumber{testId}789}][PTOS]} |
cmd-adaptor-sns-integration-tests/src/test/resources/features/E2E_Event.feature:235:      | metadata.sourceRecord.name                    | SNSENS                                                                                                                                          |
cmd-adaptor-sns-integration-tests/src/test/resources/features/E2E_Event.feature:236:      | metadata.sourceRecord.shortName               | SNS                                                                                                                                             |
cmd-adaptor-sns-integration-tests/src/test/resources/features/E2E_Event.feature:238:      | metadata.sourceRecord.id                      | {[SNSENS:P={partyDeclarant,1 Savoy Hill,WC2R 0BP{testId},London}[SNS-DECLARANT]][SNSENS:S={movementReferenceNumber{testId}789}][PTOS]}          |
cmd-adaptor-sns-integration-tests/src/test/resources/features/E2E_Event.feature:241:      | metadata.mappingRecord.name                   | SNS-ASSOC-Dec2Cons                                                                                                                              |
cmd-adaptor-sns-integration-tests/src/test/resources/features/E2E_Event.feature:247:      | subject.poleId.v2.id                          | SNSENS:P={partyDeclarant,1 Savoy Hill,WC2R 0BP{testId},London}[SNS-DECLARANT]                                                                   |
cmd-adaptor-sns-integration-tests/src/test/resources/features/E2E_Event.feature:250:      | associationStart.target.poleId.v2.id          | SNSENS:S={movementReferenceNumber{testId}789}                                                                                                   |
cmd-adaptor-sns-integration-tests/src/test/resources/features/E2E_Event.feature:254:    And one Event record for "SNS-ASSOC-MCar2Cons" with following attributes
cmd-adaptor-sns-integration-tests/src/test/resources/features/E2E_Event.feature:255:      | metadata.identityRecord.poleId.v2.id          | SNSENS:E={[SNSENS:P={partiesCarrier,62 Golden Street,MK1 3RW{testId},Milton Keynes}[SNS-M-CARRIER]][SNSENS:S={movementReferenceNumber{testId}123}][PTOS]} |
cmd-adaptor-sns-integration-tests/src/test/resources/features/E2E_Event.feature:257:      | metadata.sourceRecord.name                    | SNSENS                                                                                                                                                    |
cmd-adaptor-sns-integration-tests/src/test/resources/features/E2E_Event.feature:258:      | metadata.sourceRecord.shortName               | SNS                                                                                                                                                       |
cmd-adaptor-sns-integration-tests/src/test/resources/features/E2E_Event.feature:260:      | metadata.sourceRecord.id                      | {[SNSENS:P={partiesCarrier,62 Golden Street,MK1 3RW{testId},Milton Keynes}[SNS-M-CARRIER]][SNSENS:S={movementReferenceNumber{testId}123}][PTOS]}          |
cmd-adaptor-sns-integration-tests/src/test/resources/features/E2E_Event.feature:263:      | metadata.mappingRecord.name                   | SNS-ASSOC-MCar2Cons                                                                                                                                       |
cmd-adaptor-sns-integration-tests/src/test/resources/features/E2E_Event.feature:269:      | subject.poleId.v2.id                          | SNSENS:P={partiesCarrier,62 Golden Street,MK1 3RW{testId},Milton Keynes}[SNS-M-CARRIER]                                                                   |
cmd-adaptor-sns-integration-tests/src/test/resources/features/E2E_Event.feature:26:      | subject.poleId.v2.id                          | SNSENS:P={partyCConsignee0,Castlehill,EH1 2NG{testId},Edinburgh}[SNS-C-CONSIGNEE]                                                                         |
cmd-adaptor-sns-integration-tests/src/test/resources/features/E2E_Event.feature:272:      | associationStart.target.poleId.v2.id          | SNSENS:S={movementReferenceNumber{testId}123}                                                                                                             |
cmd-adaptor-sns-integration-tests/src/test/resources/features/E2E_Event.feature:276:    And one Event record for "SNS-ASSOC-MCar2Cons" with following attributes
cmd-adaptor-sns-integration-tests/src/test/resources/features/E2E_Event.feature:277:      | metadata.identityRecord.poleId.v2.id          | SNSENS:E={[SNSENS:P={partiesCarrier,62 Golden Street,MK1 3RW{testId},Milton Keynes}[SNS-M-CARRIER]][SNSENS:S={movementReferenceNumber{testId}789}][PTOS]} |
cmd-adaptor-sns-integration-tests/src/test/resources/features/E2E_Event.feature:279:      | metadata.sourceRecord.name                    | SNSENS                                                                                                                                                    |
cmd-adaptor-sns-integration-tests/src/test/resources/features/E2E_Event.feature:280:      | metadata.sourceRecord.shortName               | SNS                                                                                                                                                       |
cmd-adaptor-sns-integration-tests/src/test/resources/features/E2E_Event.feature:282:      | metadata.sourceRecord.id                      | {[SNSENS:P={partiesCarrier,62 Golden Street,MK1 3RW{testId},Milton Keynes}[SNS-M-CARRIER]][SNSENS:S={movementReferenceNumber{testId}789}][PTOS]}          |
cmd-adaptor-sns-integration-tests/src/test/resources/features/E2E_Event.feature:285:      | metadata.mappingRecord.name                   | SNS-ASSOC-MCar2Cons                                                                                                                                       |
cmd-adaptor-sns-integration-tests/src/test/resources/features/E2E_Event.feature:291:      | subject.poleId.v2.id                          | SNSENS:P={partiesCarrier,62 Golden Street,MK1 3RW{testId},Milton Keynes}[SNS-M-CARRIER]                                                                   |
cmd-adaptor-sns-integration-tests/src/test/resources/features/E2E_Event.feature:294:      | associationStart.target.poleId.v2.id          | SNSENS:S={movementReferenceNumber{testId}789}                                                                                                             |
cmd-adaptor-sns-integration-tests/src/test/resources/features/E2E_Event.feature:298:    And one Event record for "SNS-ASSOC-MCon2Cons" with following attributes
cmd-adaptor-sns-integration-tests/src/test/resources/features/E2E_Event.feature:299:      | metadata.identityRecord.poleId.v2.id          | SNSENS:E={[SNSENS:P={partyConsignee,221B Baker Street,NW1 6XE{testId},London}[SNS-M-CONSIGNEE]][SNSENS:S={movementReferenceNumber{testId}123}][PTOSCSIGNE]} |
cmd-adaptor-sns-integration-tests/src/test/resources/features/E2E_Event.feature:29:      | associationStart.target.poleId.v2.id          | SNSENS:S={movementReferenceNumber{testId}123}                                                                                                             |
cmd-adaptor-sns-integration-tests/src/test/resources/features/E2E_Event.feature:2:Feature: Test SNS Command Adaptor -　Event
cmd-adaptor-sns-integration-tests/src/test/resources/features/E2E_Event.feature:301:      | metadata.sourceRecord.name                    | SNSENS                                                                                                                                                      |
cmd-adaptor-sns-integration-tests/src/test/resources/features/E2E_Event.feature:302:      | metadata.sourceRecord.shortName               | SNS                                                                                                                                                         |
cmd-adaptor-sns-integration-tests/src/test/resources/features/E2E_Event.feature:304:      | metadata.sourceRecord.id                      | {[SNSENS:P={partyConsignee,221B Baker Street,NW1 6XE{testId},London}[SNS-M-CONSIGNEE]][SNSENS:S={movementReferenceNumber{testId}123}][PTOSCSIGNE]}          |
cmd-adaptor-sns-integration-tests/src/test/resources/features/E2E_Event.feature:307:      | metadata.mappingRecord.name                   | SNS-ASSOC-MCon2Cons                                                                                                                                         |
cmd-adaptor-sns-integration-tests/src/test/resources/features/E2E_Event.feature:313:      | subject.poleId.v2.id                          | SNSENS:P={partyConsignee,221B Baker Street,NW1 6XE{testId},London}[SNS-M-CONSIGNEE]                                                                         |
cmd-adaptor-sns-integration-tests/src/test/resources/features/E2E_Event.feature:316:      | associationStart.target.poleId.v2.id          | SNSENS:S={movementReferenceNumber{testId}123}                                                                                                               |
cmd-adaptor-sns-integration-tests/src/test/resources/features/E2E_Event.feature:320:    And one Event record for "SNS-ASSOC-MCon2Cons" with following attributes
cmd-adaptor-sns-integration-tests/src/test/resources/features/E2E_Event.feature:321:      | metadata.identityRecord.poleId.v2.id          | SNSENS:E={[SNSENS:P={partyConsignee,221B Baker Street,NW1 6XE{testId},London}[SNS-M-CONSIGNEE]][SNSENS:S={movementReferenceNumber{testId}789}][PTOSCSIGNE]} |
cmd-adaptor-sns-integration-tests/src/test/resources/features/E2E_Event.feature:323:      | metadata.sourceRecord.name                    | SNSENS                                                                                                                                                      |
cmd-adaptor-sns-integration-tests/src/test/resources/features/E2E_Event.feature:324:      | metadata.sourceRecord.shortName               | SNS                                                                                                                                                         |
cmd-adaptor-sns-integration-tests/src/test/resources/features/E2E_Event.feature:326:      | metadata.sourceRecord.id                      | {[SNSENS:P={partyConsignee,221B Baker Street,NW1 6XE{testId},London}[SNS-M-CONSIGNEE]][SNSENS:S={movementReferenceNumber{testId}789}][PTOSCSIGNE]}          |
cmd-adaptor-sns-integration-tests/src/test/resources/features/E2E_Event.feature:329:      | metadata.mappingRecord.name                   | SNS-ASSOC-MCon2Cons                                                                                                                                         |
cmd-adaptor-sns-integration-tests/src/test/resources/features/E2E_Event.feature:335:      | subject.poleId.v2.id                          | SNSENS:P={partyConsignee,221B Baker Street,NW1 6XE{testId},London}[SNS-M-CONSIGNEE]                                                                         |
cmd-adaptor-sns-integration-tests/src/test/resources/features/E2E_Event.feature:338:      | associationStart.target.poleId.v2.id          | SNSENS:S={movementReferenceNumber{testId}789}                                                                                                               |
cmd-adaptor-sns-integration-tests/src/test/resources/features/E2E_Event.feature:33:    And one Event record for "SNS-ASSOC-CCon2Cons" with following attributes
cmd-adaptor-sns-integration-tests/src/test/resources/features/E2E_Event.feature:342:    And one Event record for "SNS-ASSOC-MNot2Cons" with following attributes
cmd-adaptor-sns-integration-tests/src/test/resources/features/E2E_Event.feature:343:      | metadata.identityRecord.poleId.v2.id          | SNSENS:E={[SNSENS:P={PartyNotify,10 Downing Street,W1 2EB{testId},London}[SNS-M-NOTIFY]][SNSENS:S={movementReferenceNumber{testId}123}][PTOS]} |
cmd-adaptor-sns-integration-tests/src/test/resources/features/E2E_Event.feature:345:      | metadata.sourceRecord.name                    | SNSENS                                                                                                                                         |
cmd-adaptor-sns-integration-tests/src/test/resources/features/E2E_Event.feature:346:      | metadata.sourceRecord.shortName               | SNS                                                                                                                                            |
cmd-adaptor-sns-integration-tests/src/test/resources/features/E2E_Event.feature:348:      | metadata.sourceRecord.id                      | {[SNSENS:P={PartyNotify,10 Downing Street,W1 2EB{testId},London}[SNS-M-NOTIFY]][SNSENS:S={movementReferenceNumber{testId}123}][PTOS]}          |
cmd-adaptor-sns-integration-tests/src/test/resources/features/E2E_Event.feature:34:      | metadata.identityRecord.poleId.v2.id          | SNSENS:E={[SNSENS:P={partyCConsignee1,Woodstock,OX20 1PP{testId},Oxfordshire}[SNS-C-CONSIGNEE]][SNSENS:S={movementReferenceNumber{testId}789}][PTOSCSIGNE]} |
cmd-adaptor-sns-integration-tests/src/test/resources/features/E2E_Event.feature:351:      | metadata.mappingRecord.name                   | SNS-ASSOC-MNot2Cons                                                                                                                            |
cmd-adaptor-sns-integration-tests/src/test/resources/features/E2E_Event.feature:357:      | subject.poleId.v2.id                          | SNSENS:P={PartyNotify,10 Downing Street,W1 2EB{testId},London}[SNS-M-NOTIFY]                                                                   |
cmd-adaptor-sns-integration-tests/src/test/resources/features/E2E_Event.feature:360:      | associationStart.target.poleId.v2.id          | SNSENS:S={movementReferenceNumber{testId}123}                                                                                                  |
cmd-adaptor-sns-integration-tests/src/test/resources/features/E2E_Event.feature:364:    And one Event record for "SNS-ASSOC-MNot2Cons" with following attributes
cmd-adaptor-sns-integration-tests/src/test/resources/features/E2E_Event.feature:365:      | metadata.identityRecord.poleId.v2.id          | SNSENS:E={[SNSENS:P={PartyNotify,10 Downing Street,W1 2EB{testId},London}[SNS-M-NOTIFY]][SNSENS:S={movementReferenceNumber{testId}789}][PTOS]} |
cmd-adaptor-sns-integration-tests/src/test/resources/features/E2E_Event.feature:367:      | metadata.sourceRecord.name                    | SNSENS                                                                                                                                         |
cmd-adaptor-sns-integration-tests/src/test/resources/features/E2E_Event.feature:368:      | metadata.sourceRecord.shortName               | SNS                                                                                                                                            |
cmd-adaptor-sns-integration-tests/src/test/resources/features/E2E_Event.feature:36:      | metadata.sourceRecord.name                    | SNSENS                                                                                                                                                      |
cmd-adaptor-sns-integration-tests/src/test/resources/features/E2E_Event.feature:370:      | metadata.sourceRecord.id                      | {[SNSENS:P={PartyNotify,10 Downing Street,W1 2EB{testId},London}[SNS-M-NOTIFY]][SNSENS:S={movementReferenceNumber{testId}789}][PTOS]}          |
cmd-adaptor-sns-integration-tests/src/test/resources/features/E2E_Event.feature:373:      | metadata.mappingRecord.name                   | SNS-ASSOC-MNot2Cons                                                                                                                            |
cmd-adaptor-sns-integration-tests/src/test/resources/features/E2E_Event.feature:379:      | subject.poleId.v2.id                          | SNSENS:P={PartyNotify,10 Downing Street,W1 2EB{testId},London}[SNS-M-NOTIFY]                                                                   |
cmd-adaptor-sns-integration-tests/src/test/resources/features/E2E_Event.feature:37:      | metadata.sourceRecord.shortName               | SNS                                                                                                                                                         |
cmd-adaptor-sns-integration-tests/src/test/resources/features/E2E_Event.feature:382:      | associationStart.target.poleId.v2.id          | SNSENS:S={movementReferenceNumber{testId}789}                                                                                                  |
cmd-adaptor-sns-integration-tests/src/test/resources/features/E2E_Event.feature:387:    And one Event record for "SNS-ASSOC-Mov2Cons" with following attributes
cmd-adaptor-sns-integration-tests/src/test/resources/features/E2E_Event.feature:388:      | metadata.identityRecord.poleId.v2.id          | SNSENS:E={[SNSENS:S={movementReferenceNumber{testId}}][SNSENS:S={movementReferenceNumber{testId}123}][STOS]} |
cmd-adaptor-sns-integration-tests/src/test/resources/features/E2E_Event.feature:390:      | metadata.sourceRecord.name                    | SNSENS                                                                                                       |
cmd-adaptor-sns-integration-tests/src/test/resources/features/E2E_Event.feature:391:      | metadata.sourceRecord.shortName               | SNS                                                                                                          |
cmd-adaptor-sns-integration-tests/src/test/resources/features/E2E_Event.feature:393:      | metadata.sourceRecord.id                      | {[SNSENS:S={movementReferenceNumber{testId}}][SNSENS:S={movementReferenceNumber{testId}123}][STOS]}          |
cmd-adaptor-sns-integration-tests/src/test/resources/features/E2E_Event.feature:396:      | metadata.mappingRecord.name                   | SNS-ASSOC-Mov2Cons                                                                                           |
cmd-adaptor-sns-integration-tests/src/test/resources/features/E2E_Event.feature:39:      | metadata.sourceRecord.id                      | {[SNSENS:P={partyCConsignee1,Woodstock,OX20 1PP{testId},Oxfordshire}[SNS-C-CONSIGNEE]][SNSENS:S={movementReferenceNumber{testId}789}][PTOSCSIGNE]}          |
cmd-adaptor-sns-integration-tests/src/test/resources/features/E2E_Event.feature:402:      | subject.poleId.v2.id                          | SNSENS:S={movementReferenceNumber{testId}}                                                                   |
cmd-adaptor-sns-integration-tests/src/test/resources/features/E2E_Event.feature:405:      | associationStart.target.poleId.v2.id          | SNSENS:S={movementReferenceNumber{testId}123}                                                                |
cmd-adaptor-sns-integration-tests/src/test/resources/features/E2E_Event.feature:409:    And one Event record for "SNS-ASSOC-Mov2Cons" with following attributes
cmd-adaptor-sns-integration-tests/src/test/resources/features/E2E_Event.feature:410:      | metadata.identityRecord.poleId.v2.id          | SNSENS:E={[SNSENS:S={movementReferenceNumber{testId}}][SNSENS:S={movementReferenceNumber{testId}789}][STOS]} |
cmd-adaptor-sns-integration-tests/src/test/resources/features/E2E_Event.feature:412:      | metadata.sourceRecord.name                    | SNSENS                                                                                                       |
cmd-adaptor-sns-integration-tests/src/test/resources/features/E2E_Event.feature:413:      | metadata.sourceRecord.shortName               | SNS                                                                                                          |
cmd-adaptor-sns-integration-tests/src/test/resources/features/E2E_Event.feature:415:      | metadata.sourceRecord.id                      | {[SNSENS:S={movementReferenceNumber{testId}}][SNSENS:S={movementReferenceNumber{testId}789}][STOS]}          |
cmd-adaptor-sns-integration-tests/src/test/resources/features/E2E_Event.feature:418:      | metadata.mappingRecord.name                   | SNS-ASSOC-Mov2Cons                                                                                           |
cmd-adaptor-sns-integration-tests/src/test/resources/features/E2E_Event.feature:424:      | subject.poleId.v2.id                          | SNSENS:S={movementReferenceNumber{testId}}                                                                   |
cmd-adaptor-sns-integration-tests/src/test/resources/features/E2E_Event.feature:427:      | associationStart.target.poleId.v2.id          | SNSENS:S={movementReferenceNumber{testId}789}                                                                |
cmd-adaptor-sns-integration-tests/src/test/resources/features/E2E_Event.feature:42:      | metadata.mappingRecord.name                   | SNS-ASSOC-CCon2Cons                                                                                                                                         |
cmd-adaptor-sns-integration-tests/src/test/resources/features/E2E_Event.feature:431:    And one Event record for "SNS-ASSOC-MShi2Cons" with following attributes
cmd-adaptor-sns-integration-tests/src/test/resources/features/E2E_Event.feature:432:      | metadata.identityRecord.poleId.v2.id          | SNSENS:E={[SNSENS:P={PartyConsignor,12 Abbey Road,NW1 4AB{testId},London}[SNS-M-SHIPPER]][SNSENS:S={movementReferenceNumber{testId}123}][PTOSSHIP]} |
cmd-adaptor-sns-integration-tests/src/test/resources/features/E2E_Event.feature:434:      | metadata.sourceRecord.name                    | SNSENS                                                                                                                                              |
cmd-adaptor-sns-integration-tests/src/test/resources/features/E2E_Event.feature:435:      | metadata.sourceRecord.shortName               | SNS                                                                                                                                                 |
cmd-adaptor-sns-integration-tests/src/test/resources/features/E2E_Event.feature:437:      | metadata.sourceRecord.id                      | {[SNSENS:P={PartyConsignor,12 Abbey Road,NW1 4AB{testId},London}[SNS-M-SHIPPER]][SNSENS:S={movementReferenceNumber{testId}123}][PTOSSHIP]}          |
cmd-adaptor-sns-integration-tests/src/test/resources/features/E2E_Event.feature:440:      | metadata.mappingRecord.name                   | SNS-ASSOC-MShi2Cons                                                                                                                                 |
cmd-adaptor-sns-integration-tests/src/test/resources/features/E2E_Event.feature:446:      | subject.poleId.v2.id                          | SNSENS:P={PartyConsignor,12 Abbey Road,NW1 4AB{testId},London}[SNS-M-SHIPPER]                                                                       |
cmd-adaptor-sns-integration-tests/src/test/resources/features/E2E_Event.feature:449:      | associationStart.target.poleId.v2.id          | SNSENS:S={movementReferenceNumber{testId}123}                                                                                                       |
cmd-adaptor-sns-integration-tests/src/test/resources/features/E2E_Event.feature:453:    And one Event record for "SNS-ASSOC-MShi2Cons" with following attributes
cmd-adaptor-sns-integration-tests/src/test/resources/features/E2E_Event.feature:454:      | metadata.identityRecord.poleId.v2.id          | SNSENS:E={[SNSENS:P={PartyConsignor,12 Abbey Road,NW1 4AB{testId},London}[SNS-M-SHIPPER]][SNSENS:S={movementReferenceNumber{testId}789}][PTOSSHIP]} |
cmd-adaptor-sns-integration-tests/src/test/resources/features/E2E_Event.feature:456:      | metadata.sourceRecord.name                    | SNSENS                                                                                                                                              |
cmd-adaptor-sns-integration-tests/src/test/resources/features/E2E_Event.feature:457:      | metadata.sourceRecord.shortName               | SNS                                                                                                                                                 |
cmd-adaptor-sns-integration-tests/src/test/resources/features/E2E_Event.feature:459:      | metadata.sourceRecord.id                      | {[SNSENS:P={PartyConsignor,12 Abbey Road,NW1 4AB{testId},London}[SNS-M-SHIPPER]][SNSENS:S={movementReferenceNumber{testId}789}][PTOSSHIP]}          |
cmd-adaptor-sns-integration-tests/src/test/resources/features/E2E_Event.feature:462:      | metadata.mappingRecord.name                   | SNS-ASSOC-MShi2Cons                                                                                                                                 |
cmd-adaptor-sns-integration-tests/src/test/resources/features/E2E_Event.feature:468:      | subject.poleId.v2.id                          | SNSENS:P={PartyConsignor,12 Abbey Road,NW1 4AB{testId},London}[SNS-M-SHIPPER]                                                                       |
cmd-adaptor-sns-integration-tests/src/test/resources/features/E2E_Event.feature:471:      | associationStart.target.poleId.v2.id          | SNSENS:S={movementReferenceNumber{testId}789}                                                                                                       |
cmd-adaptor-sns-integration-tests/src/test/resources/features/E2E_Event.feature:475:    And one Event record for "SNS-ASSOC-Rep2Cons" with following attributes
cmd-adaptor-sns-integration-tests/src/test/resources/features/E2E_Event.feature:476:      | metadata.identityRecord.poleId.v2.id          | SNSENS:E={[SNSENS:P={Acme Co,7 Somewhere Street,NW1 5EX{testId},London}[SNS-REPRESENTATIVE]][SNSENS:S={movementReferenceNumber{testId}123}][PTOS]} |
cmd-adaptor-sns-integration-tests/src/test/resources/features/E2E_Event.feature:478:      | metadata.sourceRecord.name                    | SNSENS                                                                                                                                             |
cmd-adaptor-sns-integration-tests/src/test/resources/features/E2E_Event.feature:479:      | metadata.sourceRecord.shortName               | SNS                                                                                                                                                |
cmd-adaptor-sns-integration-tests/src/test/resources/features/E2E_Event.feature:481:      | metadata.sourceRecord.id                      | {[SNSENS:P={Acme Co,7 Somewhere Street,NW1 5EX{testId},London}[SNS-REPRESENTATIVE]][SNSENS:S={movementReferenceNumber{testId}123}][PTOS]}          |
cmd-adaptor-sns-integration-tests/src/test/resources/features/E2E_Event.feature:484:      | metadata.mappingRecord.name                   | SNS-ASSOC-Rep2Cons                                                                                                                                 |
cmd-adaptor-sns-integration-tests/src/test/resources/features/E2E_Event.feature:48:      | subject.poleId.v2.id                          | SNSENS:P={partyCConsignee1,Woodstock,OX20 1PP{testId},Oxfordshire}[SNS-C-CONSIGNEE]                                                                         |
cmd-adaptor-sns-integration-tests/src/test/resources/features/E2E_Event.feature:490:      | subject.poleId.v2.id                          | SNSENS:P={Acme Co,7 Somewhere Street,NW1 5EX{testId},London}[SNS-REPRESENTATIVE]                                                                   |
cmd-adaptor-sns-integration-tests/src/test/resources/features/E2E_Event.feature:493:      | associationStart.target.poleId.v2.id          | SNSENS:S={movementReferenceNumber{testId}123}                                                                                                      |
cmd-adaptor-sns-integration-tests/src/test/resources/features/E2E_Event.feature:497:    And one Event record for "SNS-ASSOC-Rep2Cons" with following attributes
cmd-adaptor-sns-integration-tests/src/test/resources/features/E2E_Event.feature:498:      | metadata.identityRecord.poleId.v2.id          | SNSENS:E={[SNSENS:P={Acme Co,7 Somewhere Street,NW1 5EX{testId},London}[SNS-REPRESENTATIVE]][SNSENS:S={movementReferenceNumber{testId}789}][PTOS]} |
cmd-adaptor-sns-integration-tests/src/test/resources/features/E2E_Event.feature:500:      | metadata.sourceRecord.name                    | SNSENS                                                                                                                                             |
cmd-adaptor-sns-integration-tests/src/test/resources/features/E2E_Event.feature:501:      | metadata.sourceRecord.shortName               | SNS                                                                                                                                                |
cmd-adaptor-sns-integration-tests/src/test/resources/features/E2E_Event.feature:503:      | metadata.sourceRecord.id                      | {[SNSENS:P={Acme Co,7 Somewhere Street,NW1 5EX{testId},London}[SNS-REPRESENTATIVE]][SNSENS:S={movementReferenceNumber{testId}789}][PTOS]}          |
cmd-adaptor-sns-integration-tests/src/test/resources/features/E2E_Event.feature:506:      | metadata.mappingRecord.name                   | SNS-ASSOC-Rep2Cons                                                                                                                                 |
cmd-adaptor-sns-integration-tests/src/test/resources/features/E2E_Event.feature:512:      | subject.poleId.v2.id                          | SNSENS:P={Acme Co,7 Somewhere Street,NW1 5EX{testId},London}[SNS-REPRESENTATIVE]                                                                   |
cmd-adaptor-sns-integration-tests/src/test/resources/features/E2E_Event.feature:515:      | associationStart.target.poleId.v2.id          | SNSENS:S={movementReferenceNumber{testId}789}                                                                                                      |
cmd-adaptor-sns-integration-tests/src/test/resources/features/E2E_Event.feature:519:    And one Event record for "SNS-ASSOC-Tra2Cons" with following attributes
cmd-adaptor-sns-integration-tests/src/test/resources/features/E2E_Event.feature:51:      | associationStart.target.poleId.v2.id          | SNSENS:S={movementReferenceNumber{testId}789}                                                                                                               |
cmd-adaptor-sns-integration-tests/src/test/resources/features/E2E_Event.feature:520:      | metadata.identityRecord.poleId.v2.id          | SNSENS:E={[SNSENS:P=null[{trailer001Nationality{testId}movementReferenceNumber{testId}}],O={trailer001Nationality{testId}movementReferenceNumber{testId}}][SNSENS:S={movementReferenceNumber{testId}123}][OTOSASSO]} |
cmd-adaptor-sns-integration-tests/src/test/resources/features/E2E_Event.feature:522:      | metadata.sourceRecord.name                    | SNSENS                                                                                                                                                                                                               |
cmd-adaptor-sns-integration-tests/src/test/resources/features/E2E_Event.feature:523:      | metadata.sourceRecord.shortName               | SNS                                                                                                                                                                                                                  |
cmd-adaptor-sns-integration-tests/src/test/resources/features/E2E_Event.feature:525:      | metadata.sourceRecord.id                      | {[SNSENS:P=null[{trailer001Nationality{testId}movementReferenceNumber{testId}}],O={trailer001Nationality{testId}movementReferenceNumber{testId}}][SNSENS:S={movementReferenceNumber{testId}123}][OTOSASSO]}          |
cmd-adaptor-sns-integration-tests/src/test/resources/features/E2E_Event.feature:528:      | metadata.mappingRecord.name                   | SNS-ASSOC-Tra2Cons                                                                                                                                                                                                   |
cmd-adaptor-sns-integration-tests/src/test/resources/features/E2E_Event.feature:534:      | subject.poleId.v2.id                          | SNSENS:P=null[{trailer001Nationality{testId}movementReferenceNumber{testId}}],O={trailer001Nationality{testId}movementReferenceNumber{testId}}                                                                       |
cmd-adaptor-sns-integration-tests/src/test/resources/features/E2E_Event.feature:537:      | associationStart.target.poleId.v2.id          | SNSENS:S={movementReferenceNumber{testId}123}                                                                                                                                                                        |
cmd-adaptor-sns-integration-tests/src/test/resources/features/E2E_Event.feature:541:    And one Event record for "SNS-ASSOC-Tra2Cons" with following attributes
cmd-adaptor-sns-integration-tests/src/test/resources/features/E2E_Event.feature:542:      | metadata.identityRecord.poleId.v2.id          | SNSENS:E={[SNSENS:P=null[{trailer001Nationality{testId}movementReferenceNumber{testId}}],O={trailer001Nationality{testId}movementReferenceNumber{testId}}][SNSENS:S={movementReferenceNumber{testId}789}][OTOSASSO]} |
cmd-adaptor-sns-integration-tests/src/test/resources/features/E2E_Event.feature:544:      | metadata.sourceRecord.name                    | SNSENS                                                                                                                                                                                                               |
cmd-adaptor-sns-integration-tests/src/test/resources/features/E2E_Event.feature:545:      | metadata.sourceRecord.shortName               | SNS                                                                                                                                                                                                                  |
cmd-adaptor-sns-integration-tests/src/test/resources/features/E2E_Event.feature:547:      | metadata.sourceRecord.id                      | {[SNSENS:P=null[{trailer001Nationality{testId}movementReferenceNumber{testId}}],O={trailer001Nationality{testId}movementReferenceNumber{testId}}][SNSENS:S={movementReferenceNumber{testId}789}][OTOSASSO]}          |
cmd-adaptor-sns-integration-tests/src/test/resources/features/E2E_Event.feature:550:      | metadata.mappingRecord.name                   | SNS-ASSOC-Tra2Cons                                                                                                                                                                                                   |
cmd-adaptor-sns-integration-tests/src/test/resources/features/E2E_Event.feature:556:      | subject.poleId.v2.id                          | SNSENS:P=null[{trailer001Nationality{testId}movementReferenceNumber{testId}}],O={trailer001Nationality{testId}movementReferenceNumber{testId}}                                                                       |
cmd-adaptor-sns-integration-tests/src/test/resources/features/E2E_Event.feature:559:      | associationStart.target.poleId.v2.id          | SNSENS:S={movementReferenceNumber{testId}789}                                                                                                                                                                        |
cmd-adaptor-sns-integration-tests/src/test/resources/features/E2E_Event.feature:55:    And one Event record for "SNS-ASSOC-CCon2Cons" with following attributes
cmd-adaptor-sns-integration-tests/src/test/resources/features/E2E_Event.feature:564:    And one Event record for "SNS-ASSOC-Veh2Cons" with following attributes
cmd-adaptor-sns-integration-tests/src/test/resources/features/E2E_Event.feature:565:      | metadata.identityRecord.poleId.v2.id          | SNSENS:E={[SNSENS:P=null[{Nationality{testId}vehicle001}],O={Nationality{testId}vehicle001}][SNSENS:S={movementReferenceNumber{testId}123}][OTOSASSO]} |
cmd-adaptor-sns-integration-tests/src/test/resources/features/E2E_Event.feature:567:      | metadata.sourceRecord.name                    | SNSENS                                                                                                                                                 |
cmd-adaptor-sns-integration-tests/src/test/resources/features/E2E_Event.feature:568:      | metadata.sourceRecord.shortName               | SNS                                                                                                                                                    |
cmd-adaptor-sns-integration-tests/src/test/resources/features/E2E_Event.feature:56:      | metadata.identityRecord.poleId.v2.id          | SNSENS:E={[SNSENS:P={locationCConsignee2,Woodstock,OX20 1PP{testId},Oxfordshire}[SNS-C-CONSIGNEE]][SNSENS:S={movementReferenceNumber{testId}789}][PTOSCSIGNE]} |
cmd-adaptor-sns-integration-tests/src/test/resources/features/E2E_Event.feature:570:      | metadata.sourceRecord.id                      | {[SNSENS:P=null[{Nationality{testId}vehicle001}],O={Nationality{testId}vehicle001}][SNSENS:S={movementReferenceNumber{testId}123}][OTOSASSO]}          |
cmd-adaptor-sns-integration-tests/src/test/resources/features/E2E_Event.feature:573:      | metadata.mappingRecord.name                   | SNS-ASSOC-Veh2Cons                                                                                                                                     |
cmd-adaptor-sns-integration-tests/src/test/resources/features/E2E_Event.feature:579:      | subject.poleId.v2.id                          | SNSENS:P=null[{Nationality{testId}vehicle001}],O={Nationality{testId}vehicle001}                                                                       |
cmd-adaptor-sns-integration-tests/src/test/resources/features/E2E_Event.feature:582:      | associationStart.target.poleId.v2.id          | SNSENS:S={movementReferenceNumber{testId}123}                                                                                                          |
cmd-adaptor-sns-integration-tests/src/test/resources/features/E2E_Event.feature:586:    And one Event record for "SNS-ASSOC-Veh2Cons" with following attributes
cmd-adaptor-sns-integration-tests/src/test/resources/features/E2E_Event.feature:587:      | metadata.identityRecord.poleId.v2.id          | SNSENS:E={[SNSENS:P=null[{Nationality{testId}vehicle001}],O={Nationality{testId}vehicle001}][SNSENS:S={movementReferenceNumber{testId}789}][OTOSASSO]} |
cmd-adaptor-sns-integration-tests/src/test/resources/features/E2E_Event.feature:589:      | metadata.sourceRecord.name                    | SNSENS                                                                                                                                                 |
cmd-adaptor-sns-integration-tests/src/test/resources/features/E2E_Event.feature:58:      | metadata.sourceRecord.name                    | SNSENS                                                                                                                                                         |
cmd-adaptor-sns-integration-tests/src/test/resources/features/E2E_Event.feature:590:      | metadata.sourceRecord.shortName               | SNS                                                                                                                                                    |
cmd-adaptor-sns-integration-tests/src/test/resources/features/E2E_Event.feature:592:      | metadata.sourceRecord.id                      | {[SNSENS:P=null[{Nationality{testId}vehicle001}],O={Nationality{testId}vehicle001}][SNSENS:S={movementReferenceNumber{testId}789}][OTOSASSO]}          |
cmd-adaptor-sns-integration-tests/src/test/resources/features/E2E_Event.feature:595:      | metadata.mappingRecord.name                   | SNS-ASSOC-Veh2Cons                                                                                                                                     |
cmd-adaptor-sns-integration-tests/src/test/resources/features/E2E_Event.feature:59:      | metadata.sourceRecord.shortName               | SNS                                                                                                                                                            |
cmd-adaptor-sns-integration-tests/src/test/resources/features/E2E_Event.feature:601:      | subject.poleId.v2.id                          | SNSENS:P=null[{Nationality{testId}vehicle001}],O={Nationality{testId}vehicle001}                                                                       |
cmd-adaptor-sns-integration-tests/src/test/resources/features/E2E_Event.feature:604:      | associationStart.target.poleId.v2.id          | SNSENS:S={movementReferenceNumber{testId}789}                                                                                                          |
cmd-adaptor-sns-integration-tests/src/test/resources/features/E2E_Event.feature:608:    And one Event record for "SNS-ASSOC-Cont2Ite" with following attributes
cmd-adaptor-sns-integration-tests/src/test/resources/features/E2E_Event.feature:609:      | metadata.identityRecord.poleId.v2.id          | SNSENS:E={[SNSENS:P=null[{movementReferenceNumber{testId}123}],O={movementReferenceNumber{testId}123}][SNSENS:S={movementReferenceNumber{testId}IN1234{testId}}][OTOSASSO]} |
cmd-adaptor-sns-integration-tests/src/test/resources/features/E2E_Event.feature:611:      | metadata.sourceRecord.name                    | SNSENS                                                                                                                                                                      |
cmd-adaptor-sns-integration-tests/src/test/resources/features/E2E_Event.feature:612:      | metadata.sourceRecord.shortName               | SNS                                                                                                                                                                         |
cmd-adaptor-sns-integration-tests/src/test/resources/features/E2E_Event.feature:614:      | metadata.sourceRecord.id                      | {[SNSENS:P=null[{movementReferenceNumber{testId}123}],O={movementReferenceNumber{testId}123}][SNSENS:S={movementReferenceNumber{testId}IN1234{testId}}][OTOSASSO]}          |
cmd-adaptor-sns-integration-tests/src/test/resources/features/E2E_Event.feature:617:      | metadata.mappingRecord.name                   | SNS-ASSOC-Cont2Ite                                                                                                                                                          |
cmd-adaptor-sns-integration-tests/src/test/resources/features/E2E_Event.feature:61:      | metadata.sourceRecord.id                      | {[SNSENS:P={locationCConsignee2,Woodstock,OX20 1PP{testId},Oxfordshire}[SNS-C-CONSIGNEE]][SNSENS:S={movementReferenceNumber{testId}789}][PTOSCSIGNE]}          |
cmd-adaptor-sns-integration-tests/src/test/resources/features/E2E_Event.feature:623:      | subject.poleId.v2.id                          | SNSENS:P=null[{movementReferenceNumber{testId}123}],O={movementReferenceNumber{testId}123}                                                                                  |
cmd-adaptor-sns-integration-tests/src/test/resources/features/E2E_Event.feature:626:      | associationStart.target.poleId.v2.id          | SNSENS:S={movementReferenceNumber{testId}IN1234{testId}}                                                                                                                    |
cmd-adaptor-sns-integration-tests/src/test/resources/features/E2E_Event.feature:630:    And one Event record for "SNS-ASSOC-Cont2Ite" with following attributes
cmd-adaptor-sns-integration-tests/src/test/resources/features/E2E_Event.feature:631:      | metadata.identityRecord.poleId.v2.id          | SNSENS:E={[SNSENS:P=null[{movementReferenceNumber{testId}567}],O={movementReferenceNumber{testId}567}][SNSENS:S={movementReferenceNumber{testId}IN1234{testId}}][OTOSASSO]} |
cmd-adaptor-sns-integration-tests/src/test/resources/features/E2E_Event.feature:633:      | metadata.sourceRecord.name                    | SNSENS                                                                                                                                                                      |
cmd-adaptor-sns-integration-tests/src/test/resources/features/E2E_Event.feature:634:      | metadata.sourceRecord.shortName               | SNS                                                                                                                                                                         |
cmd-adaptor-sns-integration-tests/src/test/resources/features/E2E_Event.feature:636:      | metadata.sourceRecord.id                      | {[SNSENS:P=null[{movementReferenceNumber{testId}567}],O={movementReferenceNumber{testId}567}][SNSENS:S={movementReferenceNumber{testId}IN1234{testId}}][OTOSASSO]}          |
cmd-adaptor-sns-integration-tests/src/test/resources/features/E2E_Event.feature:639:      | metadata.mappingRecord.name                   | SNS-ASSOC-Cont2Ite                                                                                                                                                          |
cmd-adaptor-sns-integration-tests/src/test/resources/features/E2E_Event.feature:645:      | subject.poleId.v2.id                          | SNSENS:P=null[{movementReferenceNumber{testId}567}],O={movementReferenceNumber{testId}567}                                                                                  |
cmd-adaptor-sns-integration-tests/src/test/resources/features/E2E_Event.feature:648:      | associationStart.target.poleId.v2.id          | SNSENS:S={movementReferenceNumber{testId}IN1234{testId}}                                                                                                                    |
cmd-adaptor-sns-integration-tests/src/test/resources/features/E2E_Event.feature:64:      | metadata.mappingRecord.name                   | SNS-ASSOC-CCon2Cons                                                                                                                                            |
cmd-adaptor-sns-integration-tests/src/test/resources/features/E2E_Event.feature:652:    And one Event record for "SNS-ASSOC-Cont2Ite" with following attributes
cmd-adaptor-sns-integration-tests/src/test/resources/features/E2E_Event.feature:653:      | metadata.identityRecord.poleId.v2.id          | SNSENS:E={[SNSENS:P=null[{movementReferenceNumber{testId}456}],O={movementReferenceNumber{testId}456}][SNSENS:S={movementReferenceNumber{testId}IN9876{testId}}][OTOSASSO]} |
cmd-adaptor-sns-integration-tests/src/test/resources/features/E2E_Event.feature:655:      | metadata.sourceRecord.name                    | SNSENS                                                                                                                                                                      |
cmd-adaptor-sns-integration-tests/src/test/resources/features/E2E_Event.feature:656:      | metadata.sourceRecord.shortName               | SNS                                                                                                                                                                         |
cmd-adaptor-sns-integration-tests/src/test/resources/features/E2E_Event.feature:658:      | metadata.sourceRecord.id                      | {[SNSENS:P=null[{movementReferenceNumber{testId}456}],O={movementReferenceNumber{testId}456}][SNSENS:S={movementReferenceNumber{testId}IN9876{testId}}][OTOSASSO]}          |
cmd-adaptor-sns-integration-tests/src/test/resources/features/E2E_Event.feature:661:      | metadata.mappingRecord.name                   | SNS-ASSOC-Cont2Ite                                                                                                                                                          |
cmd-adaptor-sns-integration-tests/src/test/resources/features/E2E_Event.feature:667:      | subject.poleId.v2.id                          | SNSENS:P=null[{movementReferenceNumber{testId}456}],O={movementReferenceNumber{testId}456}                                                                                  |
cmd-adaptor-sns-integration-tests/src/test/resources/features/E2E_Event.feature:670:      | associationStart.target.poleId.v2.id          | SNSENS:S={movementReferenceNumber{testId}IN9876{testId}}                                                                                                                    |
cmd-adaptor-sns-integration-tests/src/test/resources/features/E2E_Event.feature:674:    And one Event record for "SNS-ASSOC-Cont2Ite" with following attributes
cmd-adaptor-sns-integration-tests/src/test/resources/features/E2E_Event.feature:675:      | metadata.identityRecord.poleId.v2.id          | SNSENS:E={[SNSENS:P=null[{movementReferenceNumber{testId}456}],O={movementReferenceNumber{testId}456}][SNSENS:S={movementReferenceNumber{testId}IN5555{testId}}][OTOSASSO]} |
cmd-adaptor-sns-integration-tests/src/test/resources/features/E2E_Event.feature:677:      | metadata.sourceRecord.name                    | SNSENS                                                                                                                                                                      |
cmd-adaptor-sns-integration-tests/src/test/resources/features/E2E_Event.feature:678:      | metadata.sourceRecord.shortName               | SNS                                                                                                                                                                         |
cmd-adaptor-sns-integration-tests/src/test/resources/features/E2E_Event.feature:680:      | metadata.sourceRecord.id                      | {[SNSENS:P=null[{movementReferenceNumber{testId}456}],O={movementReferenceNumber{testId}456}][SNSENS:S={movementReferenceNumber{testId}IN5555{testId}}][OTOSASSO]}          |
cmd-adaptor-sns-integration-tests/src/test/resources/features/E2E_Event.feature:683:      | metadata.mappingRecord.name                   | SNS-ASSOC-Cont2Ite                                                                                                                                                          |
cmd-adaptor-sns-integration-tests/src/test/resources/features/E2E_Event.feature:689:      | subject.poleId.v2.id                          | SNSENS:P=null[{movementReferenceNumber{testId}456}],O={movementReferenceNumber{testId}456}                                                                                  |
cmd-adaptor-sns-integration-tests/src/test/resources/features/E2E_Event.feature:692:      | associationStart.target.poleId.v2.id          | SNSENS:S={movementReferenceNumber{testId}IN5555{testId}}                                                                                                                    |
cmd-adaptor-sns-integration-tests/src/test/resources/features/E2E_Event.feature:696:    And one Event record for "SNS-ASSOC-CTral2CVeh" with following attributes
cmd-adaptor-sns-integration-tests/src/test/resources/features/E2E_Event.feature:697:      | metadata.identityRecord.poleId.v2.id          | SNSENS:E={[SNSENS:P=null[{trailer002Nationality{testId}movementReferenceNumber{testId}}],O={trailer002Nationality{testId}movementReferenceNumber{testId}}][SNSENS:P=null[{Nationality{testId}vehicle002}],O={Nationality{testId}vehicle002}][OTOOLINK]} |
cmd-adaptor-sns-integration-tests/src/test/resources/features/E2E_Event.feature:699:      | metadata.sourceRecord.name                    | SNSENS                                                                                                                                                                                                                                                  |
cmd-adaptor-sns-integration-tests/src/test/resources/features/E2E_Event.feature:700:      | metadata.sourceRecord.shortName               | SNS                                                                                                                                                                                                                                                     |
cmd-adaptor-sns-integration-tests/src/test/resources/features/E2E_Event.feature:702:      | metadata.sourceRecord.id                      | {[SNSENS:P=null[{trailer002Nationality{testId}movementReferenceNumber{testId}}],O={trailer002Nationality{testId}movementReferenceNumber{testId}}][SNSENS:P=null[{Nationality{testId}vehicle002}],O={Nationality{testId}vehicle002}][OTOOLINK]}          |
cmd-adaptor-sns-integration-tests/src/test/resources/features/E2E_Event.feature:705:      | metadata.mappingRecord.name                   | SNS-ASSOC-CTral2CVeh                                                                                                                                                                                                                                    |
cmd-adaptor-sns-integration-tests/src/test/resources/features/E2E_Event.feature:70:      | subject.poleId.v2.id                          | SNSENS:P={locationCConsignee2,Woodstock,OX20 1PP{testId},Oxfordshire}[SNS-C-CONSIGNEE]                                                                         |
cmd-adaptor-sns-integration-tests/src/test/resources/features/E2E_Event.feature:711:      | subject.poleId.v2.id                          | SNSENS:P=null[{Nationality{testId}vehicle002}],O={Nationality{testId}vehicle002}                                                                                                                                                                        |
cmd-adaptor-sns-integration-tests/src/test/resources/features/E2E_Event.feature:714:      | associationStart.target.poleId.v2.id          | SNSENS:P=null[{trailer002Nationality{testId}movementReferenceNumber{testId}}],O={trailer002Nationality{testId}movementReferenceNumber{testId}}                                                                                                          |
cmd-adaptor-sns-integration-tests/src/test/resources/features/E2E_Event.feature:718:    And one Event record for "SNS-ASSOC-CTral2CVeh" with following attributes
cmd-adaptor-sns-integration-tests/src/test/resources/features/E2E_Event.feature:719:      | metadata.identityRecord.poleId.v2.id          | SNSENS:E={[SNSENS:P=null[{trailer003Nationality{testId}movementReferenceNumber{testId}}],O={trailer003Nationality{testId}movementReferenceNumber{testId}}][SNSENS:P=null[{Nationality{testId}vehicle003}],O={Nationality{testId}vehicle003}][OTOOLINK]} |
cmd-adaptor-sns-integration-tests/src/test/resources/features/E2E_Event.feature:721:      | metadata.sourceRecord.name                    | SNSENS                                                                                                                                                                                                                                                  |
cmd-adaptor-sns-integration-tests/src/test/resources/features/E2E_Event.feature:722:      | metadata.sourceRecord.shortName               | SNS                                                                                                                                                                                                                                                     |
cmd-adaptor-sns-integration-tests/src/test/resources/features/E2E_Event.feature:724:      | metadata.sourceRecord.id                      | {[SNSENS:P=null[{trailer003Nationality{testId}movementReferenceNumber{testId}}],O={trailer003Nationality{testId}movementReferenceNumber{testId}}][SNSENS:P=null[{Nationality{testId}vehicle003}],O={Nationality{testId}vehicle003}][OTOOLINK]}          |
cmd-adaptor-sns-integration-tests/src/test/resources/features/E2E_Event.feature:727:      | metadata.mappingRecord.name                   | SNS-ASSOC-CTral2CVeh                                                                                                                                                                                                                                    |
cmd-adaptor-sns-integration-tests/src/test/resources/features/E2E_Event.feature:733:      | subject.poleId.v2.id                          | SNSENS:P=null[{Nationality{testId}vehicle003}],O={Nationality{testId}vehicle003}                                                                                                                                                                        |
cmd-adaptor-sns-integration-tests/src/test/resources/features/E2E_Event.feature:736:      | associationStart.target.poleId.v2.id          | SNSENS:P=null[{trailer003Nationality{testId}movementReferenceNumber{testId}}],O={trailer003Nationality{testId}movementReferenceNumber{testId}}                                                                                                          |
cmd-adaptor-sns-integration-tests/src/test/resources/features/E2E_Event.feature:73:      | associationStart.target.poleId.v2.id          | SNSENS:S={movementReferenceNumber{testId}789}                                                                                                                  |
cmd-adaptor-sns-integration-tests/src/test/resources/features/E2E_Event.feature:740:    And one Event record for "SNS-ASSOC-CVeh2Cont" with following attributes
cmd-adaptor-sns-integration-tests/src/test/resources/features/E2E_Event.feature:741:      | metadata.identityRecord.poleId.v2.id          | SNSENS:E={[SNSENS:P=null[{Nationality{testId}vehicle002}],O={Nationality{testId}vehicle002}][SNSENS:P=null[{movementReferenceNumber{testId}123}],O={movementReferenceNumber{testId}123}][OTOOLINK]} |
cmd-adaptor-sns-integration-tests/src/test/resources/features/E2E_Event.feature:743:      | metadata.sourceRecord.name                    | SNSENS                                                                                                                                                                                              |
cmd-adaptor-sns-integration-tests/src/test/resources/features/E2E_Event.feature:744:      | metadata.sourceRecord.shortName               | SNS                                                                                                                                                                                                 |
cmd-adaptor-sns-integration-tests/src/test/resources/features/E2E_Event.feature:746:      | metadata.sourceRecord.id                      | {[SNSENS:P=null[{Nationality{testId}vehicle002}],O={Nationality{testId}vehicle002}][SNSENS:P=null[{movementReferenceNumber{testId}123}],O={movementReferenceNumber{testId}123}][OTOOLINK]}          |
cmd-adaptor-sns-integration-tests/src/test/resources/features/E2E_Event.feature:749:      | metadata.mappingRecord.name                   | SNS-ASSOC-CVeh2Cont                                                                                                                                                                                 |
cmd-adaptor-sns-integration-tests/src/test/resources/features/E2E_Event.feature:755:      | subject.poleId.v2.id                          | SNSENS:P=null[{Nationality{testId}vehicle002}],O={Nationality{testId}vehicle002}                                                                                                                    |
cmd-adaptor-sns-integration-tests/src/test/resources/features/E2E_Event.feature:758:      | associationStart.target.poleId.v2.id          | SNSENS:P=null[{movementReferenceNumber{testId}123}],O={movementReferenceNumber{testId}123}                                                                                                          |
cmd-adaptor-sns-integration-tests/src/test/resources/features/E2E_Event.feature:762:    And one Event record for "SNS-ASSOC-CVeh2Cont" with following attributes
cmd-adaptor-sns-integration-tests/src/test/resources/features/E2E_Event.feature:763:      | metadata.identityRecord.poleId.v2.id          | SNSENS:E={[SNSENS:P=null[{Irish{testId}}],O={Irish{testId}}][SNSENS:P=null[{movementReferenceNumber{testId}123}],O={movementReferenceNumber{testId}123}][OTOOLINK]} |
cmd-adaptor-sns-integration-tests/src/test/resources/features/E2E_Event.feature:765:      | metadata.sourceRecord.name                    | SNSENS                                                                                                                                                              |
cmd-adaptor-sns-integration-tests/src/test/resources/features/E2E_Event.feature:766:      | metadata.sourceRecord.shortName               | SNS                                                                                                                                                                 |
cmd-adaptor-sns-integration-tests/src/test/resources/features/E2E_Event.feature:768:      | metadata.sourceRecord.id                      | {[SNSENS:P=null[{Irish{testId}}],O={Irish{testId}}][SNSENS:P=null[{movementReferenceNumber{testId}123}],O={movementReferenceNumber{testId}123}][OTOOLINK]}          |
cmd-adaptor-sns-integration-tests/src/test/resources/features/E2E_Event.feature:771:      | metadata.mappingRecord.name                   | SNS-ASSOC-CVeh2Cont                                                                                                                                                 |
cmd-adaptor-sns-integration-tests/src/test/resources/features/E2E_Event.feature:777:      | subject.poleId.v2.id                          | SNSENS:P=null[{Irish{testId}}],O={Irish{testId}}                                                                                                                    |
cmd-adaptor-sns-integration-tests/src/test/resources/features/E2E_Event.feature:780:      | associationStart.target.poleId.v2.id          | SNSENS:P=null[{movementReferenceNumber{testId}123}],O={movementReferenceNumber{testId}123}                                                                          |
cmd-adaptor-sns-integration-tests/src/test/resources/features/E2E_Event.feature:784:    And one Event record for "SNS-ASSOC-CVeh2Cont" with following attributes
cmd-adaptor-sns-integration-tests/src/test/resources/features/E2E_Event.feature:785:      | metadata.identityRecord.poleId.v2.id          | SNSENS:E={[SNSENS:P=null[{Nationality{testId}vehicle002}],O={Nationality{testId}vehicle002}][SNSENS:P=null[{movementReferenceNumber{testId}567}],O={movementReferenceNumber{testId}567}][OTOOLINK]} |
cmd-adaptor-sns-integration-tests/src/test/resources/features/E2E_Event.feature:787:      | metadata.sourceRecord.name                    | SNSENS                                                                                                                                                                                              |
cmd-adaptor-sns-integration-tests/src/test/resources/features/E2E_Event.feature:788:      | metadata.sourceRecord.shortName               | SNS                                                                                                                                                                                                 |
cmd-adaptor-sns-integration-tests/src/test/resources/features/E2E_Event.feature:78:    And one Event record for "SNS-ASSOC-CNot2Cons" with following attributes
cmd-adaptor-sns-integration-tests/src/test/resources/features/E2E_Event.feature:790:      | metadata.sourceRecord.id                      | {[SNSENS:P=null[{Nationality{testId}vehicle002}],O={Nationality{testId}vehicle002}][SNSENS:P=null[{movementReferenceNumber{testId}567}],O={movementReferenceNumber{testId}567}][OTOOLINK]}          |
cmd-adaptor-sns-integration-tests/src/test/resources/features/E2E_Event.feature:793:      | metadata.mappingRecord.name                   | SNS-ASSOC-CVeh2Cont                                                                                                                                                                                 |
cmd-adaptor-sns-integration-tests/src/test/resources/features/E2E_Event.feature:799:      | subject.poleId.v2.id                          | SNSENS:P=null[{Nationality{testId}vehicle002}],O={Nationality{testId}vehicle002}                                                                                                                    |
cmd-adaptor-sns-integration-tests/src/test/resources/features/E2E_Event.feature:79:      | metadata.identityRecord.poleId.v2.id          | SNSENS:E={[SNSENS:P={partyCNotify0,Great Russell Street,WC1B 3DG{testId},London}[SNS-C-NOTIFY]][SNSENS:S={movementReferenceNumber{testId}123}][PTOS]} |
cmd-adaptor-sns-integration-tests/src/test/resources/features/E2E_Event.feature:802:      | associationStart.target.poleId.v2.id          | SNSENS:P=null[{movementReferenceNumber{testId}567}],O={movementReferenceNumber{testId}567}                                                                                                          |
cmd-adaptor-sns-integration-tests/src/test/resources/features/E2E_Event.feature:806:    And one Event record for "SNS-ASSOC-CVeh2Cont" with following attributes
cmd-adaptor-sns-integration-tests/src/test/resources/features/E2E_Event.feature:807:      | metadata.identityRecord.poleId.v2.id          | SNSENS:E={[SNSENS:P=null[{Irish{testId}}],O={Irish{testId}}][SNSENS:P=null[{movementReferenceNumber{testId}567}],O={movementReferenceNumber{testId}567}][OTOOLINK]} |
cmd-adaptor-sns-integration-tests/src/test/resources/features/E2E_Event.feature:809:      | metadata.sourceRecord.name                    | SNSENS                                                                                                                                                              |
cmd-adaptor-sns-integration-tests/src/test/resources/features/E2E_Event.feature:810:      | metadata.sourceRecord.shortName               | SNS                                                                                                                                                                 |
cmd-adaptor-sns-integration-tests/src/test/resources/features/E2E_Event.feature:812:      | metadata.sourceRecord.id                      | {[SNSENS:P=null[{Irish{testId}}],O={Irish{testId}}][SNSENS:P=null[{movementReferenceNumber{testId}567}],O={movementReferenceNumber{testId}567}][OTOOLINK]}          |
cmd-adaptor-sns-integration-tests/src/test/resources/features/E2E_Event.feature:815:      | metadata.mappingRecord.name                   | SNS-ASSOC-CVeh2Cont                                                                                                                                                 |
cmd-adaptor-sns-integration-tests/src/test/resources/features/E2E_Event.feature:81:      | metadata.sourceRecord.name                    | SNSENS                                                                                                                                                |
cmd-adaptor-sns-integration-tests/src/test/resources/features/E2E_Event.feature:821:      | subject.poleId.v2.id                          | SNSENS:P=null[{Irish{testId}}],O={Irish{testId}}                                                                                                                    |
cmd-adaptor-sns-integration-tests/src/test/resources/features/E2E_Event.feature:824:      | associationStart.target.poleId.v2.id          | SNSENS:P=null[{movementReferenceNumber{testId}567}],O={movementReferenceNumber{testId}567}                                                                          |
cmd-adaptor-sns-integration-tests/src/test/resources/features/E2E_Event.feature:828:    And one Event record for "SNS-ASSOC-CVeh2Cont" with following attributes
cmd-adaptor-sns-integration-tests/src/test/resources/features/E2E_Event.feature:829:      | metadata.identityRecord.poleId.v2.id          | SNSENS:E={[SNSENS:P=null[{Nationality{testId}vehicle003}],O={Nationality{testId}vehicle003}][SNSENS:P=null[{movementReferenceNumber{testId}456}],O={movementReferenceNumber{testId}456}][OTOOLINK]} |
cmd-adaptor-sns-integration-tests/src/test/resources/features/E2E_Event.feature:82:      | metadata.sourceRecord.shortName               | SNS                                                                                                                                                   |
cmd-adaptor-sns-integration-tests/src/test/resources/features/E2E_Event.feature:831:      | metadata.sourceRecord.name                    | SNSENS                                                                                                                                                                                              |
cmd-adaptor-sns-integration-tests/src/test/resources/features/E2E_Event.feature:832:      | metadata.sourceRecord.shortName               | SNS                                                                                                                                                                                                 |
cmd-adaptor-sns-integration-tests/src/test/resources/features/E2E_Event.feature:834:      | metadata.sourceRecord.id                      | {[SNSENS:P=null[{Nationality{testId}vehicle003}],O={Nationality{testId}vehicle003}][SNSENS:P=null[{movementReferenceNumber{testId}456}],O={movementReferenceNumber{testId}456}][OTOOLINK]}          |
cmd-adaptor-sns-integration-tests/src/test/resources/features/E2E_Event.feature:837:      | metadata.mappingRecord.name                   | SNS-ASSOC-CVeh2Cont                                                                                                                                                                                 |
cmd-adaptor-sns-integration-tests/src/test/resources/features/E2E_Event.feature:843:      | subject.poleId.v2.id                          | SNSENS:P=null[{Nationality{testId}vehicle003}],O={Nationality{testId}vehicle003}                                                                                                                    |
cmd-adaptor-sns-integration-tests/src/test/resources/features/E2E_Event.feature:846:      | associationStart.target.poleId.v2.id          | SNSENS:P=null[{movementReferenceNumber{testId}456}],O={movementReferenceNumber{testId}456}                                                                                                          |
cmd-adaptor-sns-integration-tests/src/test/resources/features/E2E_Event.feature:84:      | metadata.sourceRecord.id                      | {[SNSENS:P={partyCNotify0,Great Russell Street,WC1B 3DG{testId},London}[SNS-C-NOTIFY]][SNSENS:S={movementReferenceNumber{testId}123}][PTOS]}          |
cmd-adaptor-sns-integration-tests/src/test/resources/features/E2E_Event.feature:850:    And one Event record for "SNS-ASSOC-CVeh2Ite" with following attributes
cmd-adaptor-sns-integration-tests/src/test/resources/features/E2E_Event.feature:851:      | metadata.identityRecord.poleId.v2.id          | SNSENS:E={[SNSENS:P=null[{Nationality{testId}vehicle002}],O={Nationality{testId}vehicle002}][SNSENS:S={movementReferenceNumber{testId}IN1234{testId}}][OTOSASSO]} |
cmd-adaptor-sns-integration-tests/src/test/resources/features/E2E_Event.feature:853:      | metadata.sourceRecord.name                    | SNSENS                                                                                                                                                            |
cmd-adaptor-sns-integration-tests/src/test/resources/features/E2E_Event.feature:854:      | metadata.sourceRecord.shortName               | SNS                                                                                                                                                               |
cmd-adaptor-sns-integration-tests/src/test/resources/features/E2E_Event.feature:856:      | metadata.sourceRecord.id                      | {[SNSENS:P=null[{Nationality{testId}vehicle002}],O={Nationality{testId}vehicle002}][SNSENS:S={movementReferenceNumber{testId}IN1234{testId}}][OTOSASSO]}          |
cmd-adaptor-sns-integration-tests/src/test/resources/features/E2E_Event.feature:859:      | metadata.mappingRecord.name                   | SNS-ASSOC-CVeh2Ite                                                                                                                                                |
cmd-adaptor-sns-integration-tests/src/test/resources/features/E2E_Event.feature:865:      | subject.poleId.v2.id                          | SNSENS:P=null[{Nationality{testId}vehicle002}],O={Nationality{testId}vehicle002}                                                                                  |
cmd-adaptor-sns-integration-tests/src/test/resources/features/E2E_Event.feature:868:      | associationStart.target.poleId.v2.id          | SNSENS:S={movementReferenceNumber{testId}IN1234{testId}}                                                                                                          |
cmd-adaptor-sns-integration-tests/src/test/resources/features/E2E_Event.feature:872:    And one Event record for "SNS-ASSOC-CVeh2Ite" with following attributes
cmd-adaptor-sns-integration-tests/src/test/resources/features/E2E_Event.feature:873:      | metadata.identityRecord.poleId.v2.id          | SNSENS:E={[SNSENS:P=null[{Irish{testId}}],O={Irish{testId}}][SNSENS:S={movementReferenceNumber{testId}IN1234{testId}}][OTOSASSO]} |
cmd-adaptor-sns-integration-tests/src/test/resources/features/E2E_Event.feature:875:      | metadata.sourceRecord.name                    | SNSENS                                                                                                                            |
cmd-adaptor-sns-integration-tests/src/test/resources/features/E2E_Event.feature:876:      | metadata.sourceRecord.shortName               | SNS                                                                                                                               |
cmd-adaptor-sns-integration-tests/src/test/resources/features/E2E_Event.feature:878:      | metadata.sourceRecord.id                      | {[SNSENS:P=null[{Irish{testId}}],O={Irish{testId}}][SNSENS:S={movementReferenceNumber{testId}IN1234{testId}}][OTOSASSO]}          |
cmd-adaptor-sns-integration-tests/src/test/resources/features/E2E_Event.feature:87:      | metadata.mappingRecord.name                   | SNS-ASSOC-CNot2Cons                                                                                                                                   |
cmd-adaptor-sns-integration-tests/src/test/resources/features/E2E_Event.feature:881:      | metadata.mappingRecord.name                   | SNS-ASSOC-CVeh2Ite                                                                                                                |
cmd-adaptor-sns-integration-tests/src/test/resources/features/E2E_Event.feature:887:      | subject.poleId.v2.id                          | SNSENS:P=null[{Irish{testId}}],O={Irish{testId}}                                                                                  |
cmd-adaptor-sns-integration-tests/src/test/resources/features/E2E_Event.feature:890:      | associationStart.target.poleId.v2.id          | SNSENS:S={movementReferenceNumber{testId}IN1234{testId}}                                                                          |
cmd-adaptor-sns-integration-tests/src/test/resources/features/E2E_Event.feature:894:    And one Event record for "SNS-ASSOC-CVeh2Ite" with following attributes
cmd-adaptor-sns-integration-tests/src/test/resources/features/E2E_Event.feature:895:      | metadata.identityRecord.poleId.v2.id          | SNSENS:E={[SNSENS:P=null[{Nationality{testId}vehicle003}],O={Nationality{testId}vehicle003}][SNSENS:S={movementReferenceNumber{testId}IN9876{testId}}][OTOSASSO]} |
cmd-adaptor-sns-integration-tests/src/test/resources/features/E2E_Event.feature:897:      | metadata.sourceRecord.name                    | SNSENS                                                                                                                                                            |
cmd-adaptor-sns-integration-tests/src/test/resources/features/E2E_Event.feature:898:      | metadata.sourceRecord.shortName               | SNS                                                                                                                                                               |
cmd-adaptor-sns-integration-tests/src/test/resources/features/E2E_Event.feature:900:      | metadata.sourceRecord.id                      | {[SNSENS:P=null[{Nationality{testId}vehicle003}],O={Nationality{testId}vehicle003}][SNSENS:S={movementReferenceNumber{testId}IN9876{testId}}][OTOSASSO]}          |
cmd-adaptor-sns-integration-tests/src/test/resources/features/E2E_Event.feature:903:      | metadata.mappingRecord.name                   | SNS-ASSOC-CVeh2Ite                                                                                                                                                |
cmd-adaptor-sns-integration-tests/src/test/resources/features/E2E_Event.feature:909:      | subject.poleId.v2.id                          | SNSENS:P=null[{Nationality{testId}vehicle003}],O={Nationality{testId}vehicle003}                                                                                  |
cmd-adaptor-sns-integration-tests/src/test/resources/features/E2E_Event.feature:912:      | associationStart.target.poleId.v2.id          | SNSENS:S={movementReferenceNumber{testId}IN9876{testId}}                                                                                                          |
cmd-adaptor-sns-integration-tests/src/test/resources/features/E2E_Event.feature:916:    And one Event record for "SNS-ASSOC-CVeh2Ite" with following attributes
cmd-adaptor-sns-integration-tests/src/test/resources/features/E2E_Event.feature:917:      | metadata.identityRecord.poleId.v2.id          | SNSENS:E={[SNSENS:P=null[{Nationality{testId}vehicle003}],O={Nationality{testId}vehicle003}][SNSENS:S={movementReferenceNumber{testId}IN5555{testId}}][OTOSASSO]} |
cmd-adaptor-sns-integration-tests/src/test/resources/features/E2E_Event.feature:919:      | metadata.sourceRecord.name                    | SNSENS                                                                                                                                                            |
cmd-adaptor-sns-integration-tests/src/test/resources/features/E2E_Event.feature:920:      | metadata.sourceRecord.shortName               | SNS                                                                                                                                                               |
cmd-adaptor-sns-integration-tests/src/test/resources/features/E2E_Event.feature:922:      | metadata.sourceRecord.id                      | {[SNSENS:P=null[{Nationality{testId}vehicle003}],O={Nationality{testId}vehicle003}][SNSENS:S={movementReferenceNumber{testId}IN5555{testId}}][OTOSASSO]}          |
cmd-adaptor-sns-integration-tests/src/test/resources/features/E2E_Event.feature:925:      | metadata.mappingRecord.name                   | SNS-ASSOC-CVeh2Ite                                                                                                                                                |
cmd-adaptor-sns-integration-tests/src/test/resources/features/E2E_Event.feature:931:      | subject.poleId.v2.id                          | SNSENS:P=null[{Nationality{testId}vehicle003}],O={Nationality{testId}vehicle003}                                                                                  |
cmd-adaptor-sns-integration-tests/src/test/resources/features/E2E_Event.feature:934:      | associationStart.target.poleId.v2.id          | SNSENS:S={movementReferenceNumber{testId}IN5555{testId}}                                                                                                          |
cmd-adaptor-sns-integration-tests/src/test/resources/features/E2E_Event.feature:938:    And one Event record for "SNS-ASSOC-CTral2Ite" with following attributes
cmd-adaptor-sns-integration-tests/src/test/resources/features/E2E_Event.feature:939:      | metadata.identityRecord.poleId.v2.id          | SNSENS:E={[SNSENS:P=null[{trailer002Nationality{testId}movementReferenceNumber{testId}}],O={trailer002Nationality{testId}movementReferenceNumber{testId}}][SNSENS:S={movementReferenceNumber{testId}IN1234{testId}}][OTOSASSO]} |
cmd-adaptor-sns-integration-tests/src/test/resources/features/E2E_Event.feature:93:      | subject.poleId.v2.id                          | SNSENS:P={partyCNotify0,Great Russell Street,WC1B 3DG{testId},London}[SNS-C-NOTIFY]                                                                   |
cmd-adaptor-sns-integration-tests/src/test/resources/features/E2E_Event.feature:941:      | metadata.sourceRecord.name                    | SNSENS                                                                                                                                                                                                                          |
cmd-adaptor-sns-integration-tests/src/test/resources/features/E2E_Event.feature:942:      | metadata.sourceRecord.shortName               | SNS                                                                                                                                                                                                                             |
cmd-adaptor-sns-integration-tests/src/test/resources/features/E2E_Event.feature:944:      | metadata.sourceRecord.id                      | {[SNSENS:P=null[{trailer002Nationality{testId}movementReferenceNumber{testId}}],O={trailer002Nationality{testId}movementReferenceNumber{testId}}][SNSENS:S={movementReferenceNumber{testId}IN1234{testId}}][OTOSASSO]}          |
cmd-adaptor-sns-integration-tests/src/test/resources/features/E2E_Event.feature:947:      | metadata.mappingRecord.name                   | SNS-ASSOC-CTral2Ite                                                                                                                                                                                                             |
cmd-adaptor-sns-integration-tests/src/test/resources/features/E2E_Event.feature:953:      | subject.poleId.v2.id                          | SNSENS:P=null[{trailer002Nationality{testId}movementReferenceNumber{testId}}],O={trailer002Nationality{testId}movementReferenceNumber{testId}}                                                                                  |
cmd-adaptor-sns-integration-tests/src/test/resources/features/E2E_Event.feature:956:      | associationStart.target.poleId.v2.id          | SNSENS:S={movementReferenceNumber{testId}IN1234{testId}}                                                                                                                                                                        |
cmd-adaptor-sns-integration-tests/src/test/resources/features/E2E_Event.feature:960:    And one Event record for "SNS-ASSOC-CTral2Ite" with following attributes
cmd-adaptor-sns-integration-tests/src/test/resources/features/E2E_Event.feature:961:      | metadata.identityRecord.poleId.v2.id          | SNSENS:E={[SNSENS:P=null[{trailer003Nationality{testId}movementReferenceNumber{testId}}],O={trailer003Nationality{testId}movementReferenceNumber{testId}}][SNSENS:S={movementReferenceNumber{testId}IN9876{testId}}][OTOSASSO]} |
cmd-adaptor-sns-integration-tests/src/test/resources/features/E2E_Event.feature:963:      | metadata.sourceRecord.name                    | SNSENS                                                                                                                                                                                                                          |
cmd-adaptor-sns-integration-tests/src/test/resources/features/E2E_Event.feature:964:      | metadata.sourceRecord.shortName               | SNS                                                                                                                                                                                                                             |
cmd-adaptor-sns-integration-tests/src/test/resources/features/E2E_Event.feature:966:      | metadata.sourceRecord.id                      | {[SNSENS:P=null[{trailer003Nationality{testId}movementReferenceNumber{testId}}],O={trailer003Nationality{testId}movementReferenceNumber{testId}}][SNSENS:S={movementReferenceNumber{testId}IN9876{testId}}][OTOSASSO]}          |
cmd-adaptor-sns-integration-tests/src/test/resources/features/E2E_Event.feature:969:      | metadata.mappingRecord.name                   | SNS-ASSOC-CTral2Ite                                                                                                                                                                                                             |
cmd-adaptor-sns-integration-tests/src/test/resources/features/E2E_Event.feature:96:      | associationStart.target.poleId.v2.id          | SNSENS:S={movementReferenceNumber{testId}123}                                                                                                         |
cmd-adaptor-sns-integration-tests/src/test/resources/features/E2E_Event.feature:975:      | subject.poleId.v2.id                          | SNSENS:P=null[{trailer003Nationality{testId}movementReferenceNumber{testId}}],O={trailer003Nationality{testId}movementReferenceNumber{testId}}                                                                                  |
cmd-adaptor-sns-integration-tests/src/test/resources/features/E2E_Event.feature:978:      | associationStart.target.poleId.v2.id          | SNSENS:S={movementReferenceNumber{testId}IN9876{testId}}                                                                                                                                                                        |
cmd-adaptor-sns-integration-tests/src/test/resources/features/E2E_Event.feature:982:    And one Event record for "SNS-ASSOC-CTral2Ite" with following attributes
cmd-adaptor-sns-integration-tests/src/test/resources/features/E2E_Event.feature:983:      | metadata.identityRecord.poleId.v2.id          | SNSENS:E={[SNSENS:P=null[{trailer003Nationality{testId}movementReferenceNumber{testId}}],O={trailer003Nationality{testId}movementReferenceNumber{testId}}][SNSENS:S={movementReferenceNumber{testId}IN5555{testId}}][OTOSASSO]} |
cmd-adaptor-sns-integration-tests/src/test/resources/features/E2E_Event.feature:985:      | metadata.sourceRecord.name                    | SNSENS                                                                                                                                                                                                                          |
cmd-adaptor-sns-integration-tests/src/test/resources/features/E2E_Event.feature:986:      | metadata.sourceRecord.shortName               | SNS                                                                                                                                                                                                                             |
cmd-adaptor-sns-integration-tests/src/test/resources/features/E2E_Event.feature:988:      | metadata.sourceRecord.id                      | {[SNSENS:P=null[{trailer003Nationality{testId}movementReferenceNumber{testId}}],O={trailer003Nationality{testId}movementReferenceNumber{testId}}][SNSENS:S={movementReferenceNumber{testId}IN5555{testId}}][OTOSASSO]}          |
cmd-adaptor-sns-integration-tests/src/test/resources/features/E2E_Event.feature:991:      | metadata.mappingRecord.name                   | SNS-ASSOC-CTral2Ite                                                                                                                                                                                                             |
cmd-adaptor-sns-integration-tests/src/test/resources/features/E2E_Event.feature:997:      | subject.poleId.v2.id                          | SNSENS:P=null[{trailer003Nationality{testId}movementReferenceNumber{testId}}],O={trailer003Nationality{testId}movementReferenceNumber{testId}}                                                                                  |
cmd-adaptor-sns-integration-tests/src/test/resources/features/E2E_Event-roro-unacc.feature:100:      | metadata.identityRecord.poleId.v2.id          | SNSENS:E={[SNSENS:P={goodsConsignorName{testId}11BirminghamBH1 2AM100}[SNS-C-SHIPPER]][SNSENS:S={mrn{testId}789}][PTOSSHIP]} |
cmd-adaptor-sns-integration-tests/src/test/resources/features/E2E_Event-roro-unacc.feature:102:      | metadata.sourceRecord.name                    | SNSENS                                                                                                                       |
cmd-adaptor-sns-integration-tests/src/test/resources/features/E2E_Event-roro-unacc.feature:103:      | metadata.sourceRecord.shortName               | SNS                                                                                                                          |
cmd-adaptor-sns-integration-tests/src/test/resources/features/E2E_Event-roro-unacc.feature:105:      | metadata.sourceRecord.id                      | {[SNSENS:P={goodsConsignorName{testId}11BirminghamBH1 2AM100}[SNS-C-SHIPPER]][SNSENS:S={mrn{testId}789}][PTOSSHIP]}          |
cmd-adaptor-sns-integration-tests/src/test/resources/features/E2E_Event-roro-unacc.feature:108:      | metadata.mappingRecord.name                   | SNS-ASSOC-CShi2Cons                                                                                                          |
cmd-adaptor-sns-integration-tests/src/test/resources/features/E2E_Event-roro-unacc.feature:114:      | subject.poleId.v2.id                          | SNSENS:P={goodsConsignorName{testId}11BirminghamBH1 2AM100}[SNS-C-SHIPPER]                                                   |
cmd-adaptor-sns-integration-tests/src/test/resources/features/E2E_Event-roro-unacc.feature:117:      | associationStart.target.poleId.v2.id          | SNSENS:S={mrn{testId}789}                                                                                                    |
cmd-adaptor-sns-integration-tests/src/test/resources/features/E2E_Event-roro-unacc.feature:11:    And one Event record for "SNS-ASSOC-CCon2Cons" with following attributes
cmd-adaptor-sns-integration-tests/src/test/resources/features/E2E_Event-roro-unacc.feature:121:    And one Event record for "SNS-ASSOC-CShi2Cons" with following attributes
cmd-adaptor-sns-integration-tests/src/test/resources/features/E2E_Event-roro-unacc.feature:122:      | metadata.identityRecord.poleId.v2.id          | SNSENS:E={[SNSENS:P={goodsConsignor,12 Abbey Road,NW1 4AB{testId},London}[SNS-C-SHIPPER]][SNSENS:S={mrn{testId}789}][PTOSSHIP]} |
cmd-adaptor-sns-integration-tests/src/test/resources/features/E2E_Event-roro-unacc.feature:124:      | metadata.sourceRecord.name                    | SNSENS                                                                                                                          |
cmd-adaptor-sns-integration-tests/src/test/resources/features/E2E_Event-roro-unacc.feature:125:      | metadata.sourceRecord.shortName               | SNS                                                                                                                             |
cmd-adaptor-sns-integration-tests/src/test/resources/features/E2E_Event-roro-unacc.feature:127:      | metadata.sourceRecord.id                      | {[SNSENS:P={goodsConsignor,12 Abbey Road,NW1 4AB{testId},London}[SNS-C-SHIPPER]][SNSENS:S={mrn{testId}789}][PTOSSHIP]}          |
cmd-adaptor-sns-integration-tests/src/test/resources/features/E2E_Event-roro-unacc.feature:12:      | metadata.identityRecord.poleId.v2.id          | SNSENS:E={[SNSENS:P={partyCConsignee0,Castlehill,EH1 2NG{testId},Edinburgh}[SNS-C-CONSIGNEE]][SNSENS:S={mrn{testId}789}][PTOSCSIGNE]} |
cmd-adaptor-sns-integration-tests/src/test/resources/features/E2E_Event-roro-unacc.feature:130:      | metadata.mappingRecord.name                   | SNS-ASSOC-CShi2Cons                                                                                                             |
cmd-adaptor-sns-integration-tests/src/test/resources/features/E2E_Event-roro-unacc.feature:136:      | subject.poleId.v2.id                          | SNSENS:P={goodsConsignor,12 Abbey Road,NW1 4AB{testId},London}[SNS-C-SHIPPER]                                                   |
cmd-adaptor-sns-integration-tests/src/test/resources/features/E2E_Event-roro-unacc.feature:139:      | associationStart.target.poleId.v2.id          | SNSENS:S={mrn{testId}789}                                                                                                       |
cmd-adaptor-sns-integration-tests/src/test/resources/features/E2E_Event-roro-unacc.feature:143:    And one Event record for "SNS-ASSOC-Dec2Cons" with following attributes
cmd-adaptor-sns-integration-tests/src/test/resources/features/E2E_Event-roro-unacc.feature:144:      | metadata.identityRecord.poleId.v2.id          | SNSENS:E={[SNSENS:P={partyDeclarant,1 Savoy Hill,WC2R 0BP{testId},London}[SNS-DECLARANT]][SNSENS:S={mrn{testId}789}][PTOS]} |
cmd-adaptor-sns-integration-tests/src/test/resources/features/E2E_Event-roro-unacc.feature:146:      | metadata.sourceRecord.name                    | SNSENS                                                                                                                      |
cmd-adaptor-sns-integration-tests/src/test/resources/features/E2E_Event-roro-unacc.feature:147:      | metadata.sourceRecord.shortName               | SNS                                                                                                                         |
cmd-adaptor-sns-integration-tests/src/test/resources/features/E2E_Event-roro-unacc.feature:149:      | metadata.sourceRecord.id                      | {[SNSENS:P={partyDeclarant,1 Savoy Hill,WC2R 0BP{testId},London}[SNS-DECLARANT]][SNSENS:S={mrn{testId}789}][PTOS]}          |
cmd-adaptor-sns-integration-tests/src/test/resources/features/E2E_Event-roro-unacc.feature:14:      | metadata.sourceRecord.name                    | SNSENS                                                                                                                                |
cmd-adaptor-sns-integration-tests/src/test/resources/features/E2E_Event-roro-unacc.feature:152:      | metadata.mappingRecord.name                   | SNS-ASSOC-Dec2Cons                                                                                                          |
cmd-adaptor-sns-integration-tests/src/test/resources/features/E2E_Event-roro-unacc.feature:158:      | subject.poleId.v2.id                          | SNSENS:P={partyDeclarant,1 Savoy Hill,WC2R 0BP{testId},London}[SNS-DECLARANT]                                               |
cmd-adaptor-sns-integration-tests/src/test/resources/features/E2E_Event-roro-unacc.feature:15:      | metadata.sourceRecord.shortName               | SNS                                                                                                                                   |
cmd-adaptor-sns-integration-tests/src/test/resources/features/E2E_Event-roro-unacc.feature:161:      | associationStart.target.poleId.v2.id          | SNSENS:S={mrn{testId}789}                                                                                                   |
cmd-adaptor-sns-integration-tests/src/test/resources/features/E2E_Event-roro-unacc.feature:165:    And one Event record for "SNS-ASSOC-MCar2Cons" with following attributes
cmd-adaptor-sns-integration-tests/src/test/resources/features/E2E_Event-roro-unacc.feature:166:      | metadata.identityRecord.poleId.v2.id          | SNSENS:E={[SNSENS:P={Bob{testId}Farm closeLondonHa5 1hy100}[SNS-M-CARRIER]][SNSENS:S={mrn{testId}789}][PTOS]} |
cmd-adaptor-sns-integration-tests/src/test/resources/features/E2E_Event-roro-unacc.feature:168:      | metadata.sourceRecord.name                    | SNSENS                                                                                                        |
cmd-adaptor-sns-integration-tests/src/test/resources/features/E2E_Event-roro-unacc.feature:169:      | metadata.sourceRecord.shortName               | SNS                                                                                                           |
cmd-adaptor-sns-integration-tests/src/test/resources/features/E2E_Event-roro-unacc.feature:171:      | metadata.sourceRecord.id                      | {[SNSENS:P={Bob{testId}Farm closeLondonHa5 1hy100}[SNS-M-CARRIER]][SNSENS:S={mrn{testId}789}][PTOS]}          |
cmd-adaptor-sns-integration-tests/src/test/resources/features/E2E_Event-roro-unacc.feature:174:      | metadata.mappingRecord.name                   | SNS-ASSOC-MCar2Cons                                                                                           |
cmd-adaptor-sns-integration-tests/src/test/resources/features/E2E_Event-roro-unacc.feature:17:      | metadata.sourceRecord.id                      | {[SNSENS:P={partyCConsignee0,Castlehill,EH1 2NG{testId},Edinburgh}[SNS-C-CONSIGNEE]][SNSENS:S={mrn{testId}789}][PTOSCSIGNE]}          |
cmd-adaptor-sns-integration-tests/src/test/resources/features/E2E_Event-roro-unacc.feature:180:      | subject.poleId.v2.id                          | SNSENS:P={Bob{testId}Farm closeLondonHa5 1hy100}[SNS-M-CARRIER]                                               |
cmd-adaptor-sns-integration-tests/src/test/resources/features/E2E_Event-roro-unacc.feature:183:      | associationStart.target.poleId.v2.id          | SNSENS:S={mrn{testId}789}                                                                                     |
cmd-adaptor-sns-integration-tests/src/test/resources/features/E2E_Event-roro-unacc.feature:187:    And one Event record for "SNS-ASSOC-MCon2Cons" with following attributes
cmd-adaptor-sns-integration-tests/src/test/resources/features/E2E_Event-roro-unacc.feature:188:      | metadata.identityRecord.poleId.v2.id          | SNSENS:E={[SNSENS:P={partyConsignee,221B Baker Street,NW1 6XE{testId},London}[SNS-M-CONSIGNEE]][SNSENS:S={mrn{testId}789}][PTOSCSIGNE]} |
cmd-adaptor-sns-integration-tests/src/test/resources/features/E2E_Event-roro-unacc.feature:190:      | metadata.sourceRecord.name                    | SNSENS                                                                                                                                  |
cmd-adaptor-sns-integration-tests/src/test/resources/features/E2E_Event-roro-unacc.feature:191:      | metadata.sourceRecord.shortName               | SNS                                                                                                                                     |
cmd-adaptor-sns-integration-tests/src/test/resources/features/E2E_Event-roro-unacc.feature:193:      | metadata.sourceRecord.id                      | {[SNSENS:P={partyConsignee,221B Baker Street,NW1 6XE{testId},London}[SNS-M-CONSIGNEE]][SNSENS:S={mrn{testId}789}][PTOSCSIGNE]}          |
cmd-adaptor-sns-integration-tests/src/test/resources/features/E2E_Event-roro-unacc.feature:196:      | metadata.mappingRecord.name                   | SNS-ASSOC-MCon2Cons                                                                                                                     |
cmd-adaptor-sns-integration-tests/src/test/resources/features/E2E_Event-roro-unacc.feature:202:      | subject.poleId.v2.id                          | SNSENS:P={partyConsignee,221B Baker Street,NW1 6XE{testId},London}[SNS-M-CONSIGNEE]                                                     |
cmd-adaptor-sns-integration-tests/src/test/resources/features/E2E_Event-roro-unacc.feature:205:      | associationStart.target.poleId.v2.id          | SNSENS:S={mrn{testId}789}                                                                                                               |
cmd-adaptor-sns-integration-tests/src/test/resources/features/E2E_Event-roro-unacc.feature:209:    And one Event record for "SNS-ASSOC-MNot2Cons" with following attributes
cmd-adaptor-sns-integration-tests/src/test/resources/features/E2E_Event-roro-unacc.feature:20:      | metadata.mappingRecord.name                   | SNS-ASSOC-CCon2Cons                                                                                                                   |
cmd-adaptor-sns-integration-tests/src/test/resources/features/E2E_Event-roro-unacc.feature:210:      | metadata.identityRecord.poleId.v2.id          | SNSENS:E={[SNSENS:P={PartyNotify,10 Downing Street,W1 2EB{testId},London}[SNS-M-NOTIFY]][SNSENS:S={mrn{testId}789}][PTOS]} |
cmd-adaptor-sns-integration-tests/src/test/resources/features/E2E_Event-roro-unacc.feature:212:      | metadata.sourceRecord.name                    | SNSENS                                                                                                                     |
cmd-adaptor-sns-integration-tests/src/test/resources/features/E2E_Event-roro-unacc.feature:213:      | metadata.sourceRecord.shortName               | SNS                                                                                                                        |
cmd-adaptor-sns-integration-tests/src/test/resources/features/E2E_Event-roro-unacc.feature:215:      | metadata.sourceRecord.id                      | {[SNSENS:P={PartyNotify,10 Downing Street,W1 2EB{testId},London}[SNS-M-NOTIFY]][SNSENS:S={mrn{testId}789}][PTOS]}          |
cmd-adaptor-sns-integration-tests/src/test/resources/features/E2E_Event-roro-unacc.feature:218:      | metadata.mappingRecord.name                   | SNS-ASSOC-MNot2Cons                                                                                                        |
cmd-adaptor-sns-integration-tests/src/test/resources/features/E2E_Event-roro-unacc.feature:224:      | subject.poleId.v2.id                          | SNSENS:P={PartyNotify,10 Downing Street,W1 2EB{testId},London}[SNS-M-NOTIFY]                                               |
cmd-adaptor-sns-integration-tests/src/test/resources/features/E2E_Event-roro-unacc.feature:227:      | associationStart.target.poleId.v2.id          | SNSENS:S={mrn{testId}789}                                                                                                  |
cmd-adaptor-sns-integration-tests/src/test/resources/features/E2E_Event-roro-unacc.feature:232:    And one Event record for "SNS-ASSOC-Mov2Cons" with following attributes
cmd-adaptor-sns-integration-tests/src/test/resources/features/E2E_Event-roro-unacc.feature:233:      | metadata.identityRecord.poleId.v2.id          | SNSENS:E={[SNSENS:S={mrn{testId}}][SNSENS:S={mrn{testId}789}][STOS]} |
cmd-adaptor-sns-integration-tests/src/test/resources/features/E2E_Event-roro-unacc.feature:235:      | metadata.sourceRecord.name                    | SNSENS                                                               |
cmd-adaptor-sns-integration-tests/src/test/resources/features/E2E_Event-roro-unacc.feature:236:      | metadata.sourceRecord.shortName               | SNS                                                                  |
cmd-adaptor-sns-integration-tests/src/test/resources/features/E2E_Event-roro-unacc.feature:238:      | metadata.sourceRecord.id                      | {[SNSENS:S={mrn{testId}}][SNSENS:S={mrn{testId}789}][STOS]}          |
cmd-adaptor-sns-integration-tests/src/test/resources/features/E2E_Event-roro-unacc.feature:241:      | metadata.mappingRecord.name                   | SNS-ASSOC-Mov2Cons                                                   |
cmd-adaptor-sns-integration-tests/src/test/resources/features/E2E_Event-roro-unacc.feature:247:      | subject.poleId.v2.id                          | SNSENS:S={mrn{testId}}                                               |
cmd-adaptor-sns-integration-tests/src/test/resources/features/E2E_Event-roro-unacc.feature:250:      | associationStart.target.poleId.v2.id          | SNSENS:S={mrn{testId}789}                                            |
cmd-adaptor-sns-integration-tests/src/test/resources/features/E2E_Event-roro-unacc.feature:254:    And one Event record for "SNS-ASSOC-MShi2Cons" with following attributes
cmd-adaptor-sns-integration-tests/src/test/resources/features/E2E_Event-roro-unacc.feature:255:      | metadata.identityRecord.poleId.v2.id          | SNSENS:E={[SNSENS:P={PartyConsignor,12 Abbey Road,NW1 4AB{testId},London}[SNS-M-SHIPPER]][SNSENS:S={mrn{testId}789}][PTOSSHIP]} |
cmd-adaptor-sns-integration-tests/src/test/resources/features/E2E_Event-roro-unacc.feature:257:      | metadata.sourceRecord.name                    | SNSENS                                                                                                                          |
cmd-adaptor-sns-integration-tests/src/test/resources/features/E2E_Event-roro-unacc.feature:258:      | metadata.sourceRecord.shortName               | SNS                                                                                                                             |
cmd-adaptor-sns-integration-tests/src/test/resources/features/E2E_Event-roro-unacc.feature:260:      | metadata.sourceRecord.id                      | {[SNSENS:P={PartyConsignor,12 Abbey Road,NW1 4AB{testId},London}[SNS-M-SHIPPER]][SNSENS:S={mrn{testId}789}][PTOSSHIP]}          |
cmd-adaptor-sns-integration-tests/src/test/resources/features/E2E_Event-roro-unacc.feature:263:      | metadata.mappingRecord.name                   | SNS-ASSOC-MShi2Cons                                                                                                             |
cmd-adaptor-sns-integration-tests/src/test/resources/features/E2E_Event-roro-unacc.feature:269:      | subject.poleId.v2.id                          | SNSENS:P={PartyConsignor,12 Abbey Road,NW1 4AB{testId},London}[SNS-M-SHIPPER]                                                   |
cmd-adaptor-sns-integration-tests/src/test/resources/features/E2E_Event-roro-unacc.feature:26:      | subject.poleId.v2.id                          | SNSENS:P={partyCConsignee0,Castlehill,EH1 2NG{testId},Edinburgh}[SNS-C-CONSIGNEE]                                                     |
cmd-adaptor-sns-integration-tests/src/test/resources/features/E2E_Event-roro-unacc.feature:272:      | associationStart.target.poleId.v2.id          | SNSENS:S={mrn{testId}789}                                                                                                       |
cmd-adaptor-sns-integration-tests/src/test/resources/features/E2E_Event-roro-unacc.feature:276:    And one Event record for "SNS-ASSOC-Rep2Cons" with following attributes
cmd-adaptor-sns-integration-tests/src/test/resources/features/E2E_Event-roro-unacc.feature:277:      | metadata.identityRecord.poleId.v2.id          | SNSENS:E={[SNSENS:P={Acme Co,7 Somewhere Street,NW1 5EX{testId},London}[SNS-REPRESENTATIVE]][SNSENS:S={mrn{testId}789}][PTOS]} |
cmd-adaptor-sns-integration-tests/src/test/resources/features/E2E_Event-roro-unacc.feature:279:      | metadata.sourceRecord.name                    | SNSENS                                                                                                                         |
cmd-adaptor-sns-integration-tests/src/test/resources/features/E2E_Event-roro-unacc.feature:280:      | metadata.sourceRecord.shortName               | SNS                                                                                                                            |
cmd-adaptor-sns-integration-tests/src/test/resources/features/E2E_Event-roro-unacc.feature:282:      | metadata.sourceRecord.id                      | {[SNSENS:P={Acme Co,7 Somewhere Street,NW1 5EX{testId},London}[SNS-REPRESENTATIVE]][SNSENS:S={mrn{testId}789}][PTOS]}          |
cmd-adaptor-sns-integration-tests/src/test/resources/features/E2E_Event-roro-unacc.feature:285:      | metadata.mappingRecord.name                   | SNS-ASSOC-Rep2Cons                                                                                                             |
cmd-adaptor-sns-integration-tests/src/test/resources/features/E2E_Event-roro-unacc.feature:291:      | subject.poleId.v2.id                          | SNSENS:P={Acme Co,7 Somewhere Street,NW1 5EX{testId},London}[SNS-REPRESENTATIVE]                                               |
cmd-adaptor-sns-integration-tests/src/test/resources/features/E2E_Event-roro-unacc.feature:294:      | associationStart.target.poleId.v2.id          | SNSENS:S={mrn{testId}789}                                                                                                      |
cmd-adaptor-sns-integration-tests/src/test/resources/features/E2E_Event-roro-unacc.feature:298:    And one Event record for "SNS-ASSOC-Tra2Cons" with following attributes
cmd-adaptor-sns-integration-tests/src/test/resources/features/E2E_Event-roro-unacc.feature:299:      | metadata.identityRecord.poleId.v2.id          | SNSENS:E={[SNSENS:P=null[{trailer101Nationality{testId}mrn{testId}}],O={trailer101Nationality{testId}mrn{testId}}][SNSENS:S={mrn{testId}789}][OTOSASSO]} |
cmd-adaptor-sns-integration-tests/src/test/resources/features/E2E_Event-roro-unacc.feature:29:      | associationStart.target.poleId.v2.id          | SNSENS:S={mrn{testId}789}                                                                                                             |
cmd-adaptor-sns-integration-tests/src/test/resources/features/E2E_Event-roro-unacc.feature:2:Feature: Test SNS Command Adaptor -　Event RoRo Unaccompanied - end to end
cmd-adaptor-sns-integration-tests/src/test/resources/features/E2E_Event-roro-unacc.feature:301:      | metadata.sourceRecord.name                    | SNSENS                                                                                                                                                   |
cmd-adaptor-sns-integration-tests/src/test/resources/features/E2E_Event-roro-unacc.feature:302:      | metadata.sourceRecord.shortName               | SNS                                                                                                                                                      |
cmd-adaptor-sns-integration-tests/src/test/resources/features/E2E_Event-roro-unacc.feature:304:      | metadata.sourceRecord.id                      | {[SNSENS:P=null[{trailer101Nationality{testId}mrn{testId}}],O={trailer101Nationality{testId}mrn{testId}}][SNSENS:S={mrn{testId}789}][OTOSASSO]}          |
cmd-adaptor-sns-integration-tests/src/test/resources/features/E2E_Event-roro-unacc.feature:307:      | metadata.mappingRecord.name                   | SNS-ASSOC-Tra2Cons                                                                                                                                       |
cmd-adaptor-sns-integration-tests/src/test/resources/features/E2E_Event-roro-unacc.feature:313:      | subject.poleId.v2.id                          | SNSENS:P=null[{trailer101Nationality{testId}mrn{testId}}],O={trailer101Nationality{testId}mrn{testId}}                                                   |
cmd-adaptor-sns-integration-tests/src/test/resources/features/E2E_Event-roro-unacc.feature:316:      | associationStart.target.poleId.v2.id          | SNSENS:S={mrn{testId}789}                                                                                                                                |
cmd-adaptor-sns-integration-tests/src/test/resources/features/E2E_Event-roro-unacc.feature:321:    And one Event record for "SNS-ASSOC-Veh2Cons" with following attributes
cmd-adaptor-sns-integration-tests/src/test/resources/features/E2E_Event-roro-unacc.feature:322:      | metadata.identityRecord.poleId.v2.id          | SNSENS:E={[SNSENS:P=null[{Nationality{testId}vehicle101}],O={Nationality{testId}vehicle101}][SNSENS:S={mrn{testId}789}][OTOSASSO]} |
cmd-adaptor-sns-integration-tests/src/test/resources/features/E2E_Event-roro-unacc.feature:324:      | metadata.sourceRecord.name                    | SNSENS                                                                                                                             |
cmd-adaptor-sns-integration-tests/src/test/resources/features/E2E_Event-roro-unacc.feature:325:      | metadata.sourceRecord.shortName               | SNS                                                                                                                                |
cmd-adaptor-sns-integration-tests/src/test/resources/features/E2E_Event-roro-unacc.feature:327:      | metadata.sourceRecord.id                      | {[SNSENS:P=null[{Nationality{testId}vehicle101}],O={Nationality{testId}vehicle101}][SNSENS:S={mrn{testId}789}][OTOSASSO]}          |
cmd-adaptor-sns-integration-tests/src/test/resources/features/E2E_Event-roro-unacc.feature:330:      | metadata.mappingRecord.name                   | SNS-ASSOC-Veh2Cons                                                                                                                 |
cmd-adaptor-sns-integration-tests/src/test/resources/features/E2E_Event-roro-unacc.feature:336:      | subject.poleId.v2.id                          | SNSENS:P=null[{Nationality{testId}vehicle101}],O={Nationality{testId}vehicle101}                                                   |
cmd-adaptor-sns-integration-tests/src/test/resources/features/E2E_Event-roro-unacc.feature:339:      | associationStart.target.poleId.v2.id          | SNSENS:S={mrn{testId}789}                                                                                                          |
cmd-adaptor-sns-integration-tests/src/test/resources/features/E2E_Event-roro-unacc.feature:33:    And one Event record for "SNS-ASSOC-CCon2Cons" with following attributes
cmd-adaptor-sns-integration-tests/src/test/resources/features/E2E_Event-roro-unacc.feature:343:    And one Event record for "SNS-ASSOC-Cont2Ite" with following attributes
cmd-adaptor-sns-integration-tests/src/test/resources/features/E2E_Event-roro-unacc.feature:344:      | metadata.identityRecord.poleId.v2.id          | SNSENS:E={[SNSENS:P=null[{mrn{testId}111}],O={mrn{testId}111}][SNSENS:S={mrn{testId}ITE1234{testId}}][OTOSASSO]} |
cmd-adaptor-sns-integration-tests/src/test/resources/features/E2E_Event-roro-unacc.feature:346:      | metadata.sourceRecord.name                    | SNSENS                                                                                                           |
cmd-adaptor-sns-integration-tests/src/test/resources/features/E2E_Event-roro-unacc.feature:347:      | metadata.sourceRecord.shortName               | SNS                                                                                                              |
cmd-adaptor-sns-integration-tests/src/test/resources/features/E2E_Event-roro-unacc.feature:349:      | metadata.sourceRecord.id                      | {[SNSENS:P=null[{mrn{testId}111}],O={mrn{testId}111}][SNSENS:S={mrn{testId}ITE1234{testId}}][OTOSASSO]}          |
cmd-adaptor-sns-integration-tests/src/test/resources/features/E2E_Event-roro-unacc.feature:34:      | metadata.identityRecord.poleId.v2.id          | SNSENS:E={[SNSENS:P={partyCConsignee1,Woodstock,OX20 1PP{testId},Oxfordshire}[SNS-C-CONSIGNEE]][SNSENS:S={mrn{testId}789}][PTOSCSIGNE]} |
cmd-adaptor-sns-integration-tests/src/test/resources/features/E2E_Event-roro-unacc.feature:352:      | metadata.mappingRecord.name                   | SNS-ASSOC-Cont2Ite                                                                                               |
cmd-adaptor-sns-integration-tests/src/test/resources/features/E2E_Event-roro-unacc.feature:358:      | subject.poleId.v2.id                          | SNSENS:P=null[{mrn{testId}111}],O={mrn{testId}111}                                                               |
cmd-adaptor-sns-integration-tests/src/test/resources/features/E2E_Event-roro-unacc.feature:361:      | associationStart.target.poleId.v2.id          | SNSENS:S={mrn{testId}ITE1234{testId}}                                                                            |
cmd-adaptor-sns-integration-tests/src/test/resources/features/E2E_Event-roro-unacc.feature:365:    And one Event record for "SNS-ASSOC-Cont2Ite" with following attributes
cmd-adaptor-sns-integration-tests/src/test/resources/features/E2E_Event-roro-unacc.feature:366:      | metadata.identityRecord.poleId.v2.id          | SNSENS:E={[SNSENS:P=null[{mrn{testId}567}],O={mrn{testId}567}][SNSENS:S={mrn{testId}ITE1234{testId}}][OTOSASSO]} |
cmd-adaptor-sns-integration-tests/src/test/resources/features/E2E_Event-roro-unacc.feature:368:      | metadata.sourceRecord.name                    | SNSENS                                                                                                           |
cmd-adaptor-sns-integration-tests/src/test/resources/features/E2E_Event-roro-unacc.feature:369:      | metadata.sourceRecord.shortName               | SNS                                                                                                              |
cmd-adaptor-sns-integration-tests/src/test/resources/features/E2E_Event-roro-unacc.feature:36:      | metadata.sourceRecord.name                    | SNSENS                                                                                                                                  |
cmd-adaptor-sns-integration-tests/src/test/resources/features/E2E_Event-roro-unacc.feature:371:      | metadata.sourceRecord.id                      | {[SNSENS:P=null[{mrn{testId}567}],O={mrn{testId}567}][SNSENS:S={mrn{testId}ITE1234{testId}}][OTOSASSO]}          |
cmd-adaptor-sns-integration-tests/src/test/resources/features/E2E_Event-roro-unacc.feature:374:      | metadata.mappingRecord.name                   | SNS-ASSOC-Cont2Ite                                                                                               |
cmd-adaptor-sns-integration-tests/src/test/resources/features/E2E_Event-roro-unacc.feature:37:      | metadata.sourceRecord.shortName               | SNS                                                                                                                                     |
cmd-adaptor-sns-integration-tests/src/test/resources/features/E2E_Event-roro-unacc.feature:380:      | subject.poleId.v2.id                          | SNSENS:P=null[{mrn{testId}567}],O={mrn{testId}567}                                                               |
cmd-adaptor-sns-integration-tests/src/test/resources/features/E2E_Event-roro-unacc.feature:383:      | associationStart.target.poleId.v2.id          | SNSENS:S={mrn{testId}ITE1234{testId}}                                                                            |
cmd-adaptor-sns-integration-tests/src/test/resources/features/E2E_Event-roro-unacc.feature:387:    And one Event record for "SNS-ASSOC-Cont2Ite" with following attributes
cmd-adaptor-sns-integration-tests/src/test/resources/features/E2E_Event-roro-unacc.feature:388:      | metadata.identityRecord.poleId.v2.id          | SNSENS:E={[SNSENS:P=null[{mrn{testId}456}],O={mrn{testId}456}][SNSENS:S={mrn{testId}IN9876{testId}}][OTOSASSO]} |
cmd-adaptor-sns-integration-tests/src/test/resources/features/E2E_Event-roro-unacc.feature:390:      | metadata.sourceRecord.name                    | SNSENS                                                                                                          |
cmd-adaptor-sns-integration-tests/src/test/resources/features/E2E_Event-roro-unacc.feature:391:      | metadata.sourceRecord.shortName               | SNS                                                                                                             |
cmd-adaptor-sns-integration-tests/src/test/resources/features/E2E_Event-roro-unacc.feature:393:      | metadata.sourceRecord.id                      | {[SNSENS:P=null[{mrn{testId}456}],O={mrn{testId}456}][SNSENS:S={mrn{testId}IN9876{testId}}][OTOSASSO]}          |
cmd-adaptor-sns-integration-tests/src/test/resources/features/E2E_Event-roro-unacc.feature:396:      | metadata.mappingRecord.name                   | SNS-ASSOC-Cont2Ite                                                                                              |
cmd-adaptor-sns-integration-tests/src/test/resources/features/E2E_Event-roro-unacc.feature:39:      | metadata.sourceRecord.id                      | {[SNSENS:P={partyCConsignee1,Woodstock,OX20 1PP{testId},Oxfordshire}[SNS-C-CONSIGNEE]][SNSENS:S={mrn{testId}789}][PTOSCSIGNE]}          |
cmd-adaptor-sns-integration-tests/src/test/resources/features/E2E_Event-roro-unacc.feature:402:      | subject.poleId.v2.id                          | SNSENS:P=null[{mrn{testId}456}],O={mrn{testId}456}                                                              |
cmd-adaptor-sns-integration-tests/src/test/resources/features/E2E_Event-roro-unacc.feature:405:      | associationStart.target.poleId.v2.id          | SNSENS:S={mrn{testId}IN9876{testId}}                                                                            |
cmd-adaptor-sns-integration-tests/src/test/resources/features/E2E_Event-roro-unacc.feature:409:    And one Event record for "SNS-ASSOC-CTral2CVeh" with following attributes
cmd-adaptor-sns-integration-tests/src/test/resources/features/E2E_Event-roro-unacc.feature:410:      | metadata.identityRecord.poleId.v2.id          | SNSENS:E={[SNSENS:P=null[{trailer102Nationality{testId}mrn{testId}}],O={trailer102Nationality{testId}mrn{testId}}][SNSENS:P=null[{Nationality{testId}vehicle102}],O={Nationality{testId}vehicle102}][OTOOLINK]} |
cmd-adaptor-sns-integration-tests/src/test/resources/features/E2E_Event-roro-unacc.feature:412:      | metadata.sourceRecord.name                    | SNSENS                                                                                                                                                                                                          |
cmd-adaptor-sns-integration-tests/src/test/resources/features/E2E_Event-roro-unacc.feature:413:      | metadata.sourceRecord.shortName               | SNS                                                                                                                                                                                                             |
cmd-adaptor-sns-integration-tests/src/test/resources/features/E2E_Event-roro-unacc.feature:415:      | metadata.sourceRecord.id                      | {[SNSENS:P=null[{trailer102Nationality{testId}mrn{testId}}],O={trailer102Nationality{testId}mrn{testId}}][SNSENS:P=null[{Nationality{testId}vehicle102}],O={Nationality{testId}vehicle102}][OTOOLINK]}          |
cmd-adaptor-sns-integration-tests/src/test/resources/features/E2E_Event-roro-unacc.feature:418:      | metadata.mappingRecord.name                   | SNS-ASSOC-CTral2CVeh                                                                                                                                                                                            |
cmd-adaptor-sns-integration-tests/src/test/resources/features/E2E_Event-roro-unacc.feature:424:      | subject.poleId.v2.id                          | SNSENS:P=null[{Nationality{testId}vehicle102}],O={Nationality{testId}vehicle102}                                                                                                                                |
cmd-adaptor-sns-integration-tests/src/test/resources/features/E2E_Event-roro-unacc.feature:427:      | associationStart.target.poleId.v2.id          | SNSENS:P=null[{trailer102Nationality{testId}mrn{testId}}],O={trailer102Nationality{testId}mrn{testId}}                                                                                                          |
cmd-adaptor-sns-integration-tests/src/test/resources/features/E2E_Event-roro-unacc.feature:42:      | metadata.mappingRecord.name                   | SNS-ASSOC-CCon2Cons                                                                                                                     |
cmd-adaptor-sns-integration-tests/src/test/resources/features/E2E_Event-roro-unacc.feature:431:    And one Event record for "SNS-ASSOC-CTral2CVeh" with following attributes
cmd-adaptor-sns-integration-tests/src/test/resources/features/E2E_Event-roro-unacc.feature:432:      | metadata.identityRecord.poleId.v2.id          | SNSENS:E={[SNSENS:P=null[{trailer103Nationality{testId}mrn{testId}}],O={trailer103Nationality{testId}mrn{testId}}][SNSENS:P=null[{Nationality{testId}vehicle103}],O={Nationality{testId}vehicle103}][OTOOLINK]} |
cmd-adaptor-sns-integration-tests/src/test/resources/features/E2E_Event-roro-unacc.feature:434:      | metadata.sourceRecord.name                    | SNSENS                                                                                                                                                                                                          |
cmd-adaptor-sns-integration-tests/src/test/resources/features/E2E_Event-roro-unacc.feature:435:      | metadata.sourceRecord.shortName               | SNS                                                                                                                                                                                                             |
cmd-adaptor-sns-integration-tests/src/test/resources/features/E2E_Event-roro-unacc.feature:437:      | metadata.sourceRecord.id                      | {[SNSENS:P=null[{trailer103Nationality{testId}mrn{testId}}],O={trailer103Nationality{testId}mrn{testId}}][SNSENS:P=null[{Nationality{testId}vehicle103}],O={Nationality{testId}vehicle103}][OTOOLINK]}          |
cmd-adaptor-sns-integration-tests/src/test/resources/features/E2E_Event-roro-unacc.feature:440:      | metadata.mappingRecord.name                   | SNS-ASSOC-CTral2CVeh                                                                                                                                                                                            |
cmd-adaptor-sns-integration-tests/src/test/resources/features/E2E_Event-roro-unacc.feature:446:      | subject.poleId.v2.id                          | SNSENS:P=null[{Nationality{testId}vehicle103}],O={Nationality{testId}vehicle103}                                                                                                                                |
cmd-adaptor-sns-integration-tests/src/test/resources/features/E2E_Event-roro-unacc.feature:449:      | associationStart.target.poleId.v2.id          | SNSENS:P=null[{trailer103Nationality{testId}mrn{testId}}],O={trailer103Nationality{testId}mrn{testId}}                                                                                                          |
cmd-adaptor-sns-integration-tests/src/test/resources/features/E2E_Event-roro-unacc.feature:453:    And one Event record for "SNS-ASSOC-CVeh2Cont" with following attributes
cmd-adaptor-sns-integration-tests/src/test/resources/features/E2E_Event-roro-unacc.feature:454:      | metadata.identityRecord.poleId.v2.id          | SNSENS:E={[SNSENS:P=null[{Nationality{testId}vehicle102}],O={Nationality{testId}vehicle102}][SNSENS:P=null[{mrn{testId}111}],O={mrn{testId}111}][OTOOLINK]} |
cmd-adaptor-sns-integration-tests/src/test/resources/features/E2E_Event-roro-unacc.feature:456:      | metadata.sourceRecord.name                    | SNSENS                                                                                                                                                      |
cmd-adaptor-sns-integration-tests/src/test/resources/features/E2E_Event-roro-unacc.feature:457:      | metadata.sourceRecord.shortName               | SNS                                                                                                                                                         |
cmd-adaptor-sns-integration-tests/src/test/resources/features/E2E_Event-roro-unacc.feature:459:      | metadata.sourceRecord.id                      | {[SNSENS:P=null[{Nationality{testId}vehicle102}],O={Nationality{testId}vehicle102}][SNSENS:P=null[{mrn{testId}111}],O={mrn{testId}111}][OTOOLINK]}          |
cmd-adaptor-sns-integration-tests/src/test/resources/features/E2E_Event-roro-unacc.feature:462:      | metadata.mappingRecord.name                   | SNS-ASSOC-CVeh2Cont                                                                                                                                         |
cmd-adaptor-sns-integration-tests/src/test/resources/features/E2E_Event-roro-unacc.feature:468:      | subject.poleId.v2.id                          | SNSENS:P=null[{Nationality{testId}vehicle102}],O={Nationality{testId}vehicle102}                                                                            |
cmd-adaptor-sns-integration-tests/src/test/resources/features/E2E_Event-roro-unacc.feature:471:      | associationStart.target.poleId.v2.id          | SNSENS:P=null[{mrn{testId}111}],O={mrn{testId}111}                                                                                                          |
cmd-adaptor-sns-integration-tests/src/test/resources/features/E2E_Event-roro-unacc.feature:475:    And one Event record for "SNS-ASSOC-CVeh2Cont" with following attributes
cmd-adaptor-sns-integration-tests/src/test/resources/features/E2E_Event-roro-unacc.feature:476:      | metadata.identityRecord.poleId.v2.id          | SNSENS:E={[SNSENS:P=null[{Nationality{testId}vehicle102}],O={Nationality{testId}vehicle102}][SNSENS:P=null[{mrn{testId}567}],O={mrn{testId}567}][OTOOLINK]} |
cmd-adaptor-sns-integration-tests/src/test/resources/features/E2E_Event-roro-unacc.feature:478:      | metadata.sourceRecord.name                    | SNSENS                                                                                                                                                      |
cmd-adaptor-sns-integration-tests/src/test/resources/features/E2E_Event-roro-unacc.feature:479:      | metadata.sourceRecord.shortName               | SNS                                                                                                                                                         |
cmd-adaptor-sns-integration-tests/src/test/resources/features/E2E_Event-roro-unacc.feature:481:      | metadata.sourceRecord.id                      | {[SNSENS:P=null[{Nationality{testId}vehicle102}],O={Nationality{testId}vehicle102}][SNSENS:P=null[{mrn{testId}567}],O={mrn{testId}567}][OTOOLINK]}          |
cmd-adaptor-sns-integration-tests/src/test/resources/features/E2E_Event-roro-unacc.feature:484:      | metadata.mappingRecord.name                   | SNS-ASSOC-CVeh2Cont                                                                                                                                         |
cmd-adaptor-sns-integration-tests/src/test/resources/features/E2E_Event-roro-unacc.feature:48:      | subject.poleId.v2.id                          | SNSENS:P={partyCConsignee1,Woodstock,OX20 1PP{testId},Oxfordshire}[SNS-C-CONSIGNEE]                                                     |
cmd-adaptor-sns-integration-tests/src/test/resources/features/E2E_Event-roro-unacc.feature:490:      | subject.poleId.v2.id                          | SNSENS:P=null[{Nationality{testId}vehicle102}],O={Nationality{testId}vehicle102}                                                                            |
cmd-adaptor-sns-integration-tests/src/test/resources/features/E2E_Event-roro-unacc.feature:493:      | associationStart.target.poleId.v2.id          | SNSENS:P=null[{mrn{testId}567}],O={mrn{testId}567}                                                                                                          |
cmd-adaptor-sns-integration-tests/src/test/resources/features/E2E_Event-roro-unacc.feature:497:    And one Event record for "SNS-ASSOC-CVeh2Cont" with following attributes
cmd-adaptor-sns-integration-tests/src/test/resources/features/E2E_Event-roro-unacc.feature:498:      | metadata.identityRecord.poleId.v2.id          | SNSENS:E={[SNSENS:P=null[{Nationality{testId}}],O={Nationality{testId}}][SNSENS:P=null[{mrn{testId}567}],O={mrn{testId}567}][OTOOLINK]} |
cmd-adaptor-sns-integration-tests/src/test/resources/features/E2E_Event-roro-unacc.feature:500:      | metadata.sourceRecord.name                    | SNSENS                                                                                                                                  |
cmd-adaptor-sns-integration-tests/src/test/resources/features/E2E_Event-roro-unacc.feature:501:      | metadata.sourceRecord.shortName               | SNS                                                                                                                                     |
cmd-adaptor-sns-integration-tests/src/test/resources/features/E2E_Event-roro-unacc.feature:503:      | metadata.sourceRecord.id                      | {[SNSENS:P=null[{Nationality{testId}}],O={Nationality{testId}}][SNSENS:P=null[{mrn{testId}567}],O={mrn{testId}567}][OTOOLINK]}          |
cmd-adaptor-sns-integration-tests/src/test/resources/features/E2E_Event-roro-unacc.feature:506:      | metadata.mappingRecord.name                   | SNS-ASSOC-CVeh2Cont                                                                                                                     |
cmd-adaptor-sns-integration-tests/src/test/resources/features/E2E_Event-roro-unacc.feature:512:      | subject.poleId.v2.id                          | SNSENS:P=null[{Nationality{testId}}],O={Nationality{testId}}                                                                            |
cmd-adaptor-sns-integration-tests/src/test/resources/features/E2E_Event-roro-unacc.feature:515:      | associationStart.target.poleId.v2.id          | SNSENS:P=null[{mrn{testId}567}],O={mrn{testId}567}                                                                                      |
cmd-adaptor-sns-integration-tests/src/test/resources/features/E2E_Event-roro-unacc.feature:519:    And one Event record for "SNS-ASSOC-CVeh2Cont" with following attributes
cmd-adaptor-sns-integration-tests/src/test/resources/features/E2E_Event-roro-unacc.feature:51:      | associationStart.target.poleId.v2.id          | SNSENS:S={mrn{testId}789}                                                                                                               |
cmd-adaptor-sns-integration-tests/src/test/resources/features/E2E_Event-roro-unacc.feature:520:      | metadata.identityRecord.poleId.v2.id          | SNSENS:E={[SNSENS:P=null[{Nationality{testId}}],O={Nationality{testId}}][SNSENS:P=null[{mrn{testId}111}],O={mrn{testId}111}][OTOOLINK]} |
cmd-adaptor-sns-integration-tests/src/test/resources/features/E2E_Event-roro-unacc.feature:522:      | metadata.sourceRecord.name                    | SNSENS                                                                                                                                  |
cmd-adaptor-sns-integration-tests/src/test/resources/features/E2E_Event-roro-unacc.feature:523:      | metadata.sourceRecord.shortName               | SNS                                                                                                                                     |
cmd-adaptor-sns-integration-tests/src/test/resources/features/E2E_Event-roro-unacc.feature:525:      | metadata.sourceRecord.id                      | {[SNSENS:P=null[{Nationality{testId}}],O={Nationality{testId}}][SNSENS:P=null[{mrn{testId}111}],O={mrn{testId}111}][OTOOLINK]}          |
cmd-adaptor-sns-integration-tests/src/test/resources/features/E2E_Event-roro-unacc.feature:528:      | metadata.mappingRecord.name                   | SNS-ASSOC-CVeh2Cont                                                                                                                     |
cmd-adaptor-sns-integration-tests/src/test/resources/features/E2E_Event-roro-unacc.feature:534:      | subject.poleId.v2.id                          | SNSENS:P=null[{Nationality{testId}}],O={Nationality{testId}}                                                                            |
cmd-adaptor-sns-integration-tests/src/test/resources/features/E2E_Event-roro-unacc.feature:537:      | associationStart.target.poleId.v2.id          | SNSENS:P=null[{mrn{testId}111}],O={mrn{testId}111}                                                                                      |
cmd-adaptor-sns-integration-tests/src/test/resources/features/E2E_Event-roro-unacc.feature:541:    And one Event record for "SNS-ASSOC-CVeh2Cont" with following attributes
cmd-adaptor-sns-integration-tests/src/test/resources/features/E2E_Event-roro-unacc.feature:542:      | metadata.identityRecord.poleId.v2.id          | SNSENS:E={[SNSENS:P=null[{Nationality{testId}vehicle103}],O={Nationality{testId}vehicle103}][SNSENS:P=null[{mrn{testId}456}],O={mrn{testId}456}][OTOOLINK]} |
cmd-adaptor-sns-integration-tests/src/test/resources/features/E2E_Event-roro-unacc.feature:544:      | metadata.sourceRecord.name                    | SNSENS                                                                                                                                                      |
cmd-adaptor-sns-integration-tests/src/test/resources/features/E2E_Event-roro-unacc.feature:545:      | metadata.sourceRecord.shortName               | SNS                                                                                                                                                         |
cmd-adaptor-sns-integration-tests/src/test/resources/features/E2E_Event-roro-unacc.feature:547:      | metadata.sourceRecord.id                      | {[SNSENS:P=null[{Nationality{testId}vehicle103}],O={Nationality{testId}vehicle103}][SNSENS:P=null[{mrn{testId}456}],O={mrn{testId}456}][OTOOLINK]}          |
cmd-adaptor-sns-integration-tests/src/test/resources/features/E2E_Event-roro-unacc.feature:550:      | metadata.mappingRecord.name                   | SNS-ASSOC-CVeh2Cont                                                                                                                                         |
cmd-adaptor-sns-integration-tests/src/test/resources/features/E2E_Event-roro-unacc.feature:556:      | subject.poleId.v2.id                          | SNSENS:P=null[{Nationality{testId}vehicle103}],O={Nationality{testId}vehicle103}                                                                            |
cmd-adaptor-sns-integration-tests/src/test/resources/features/E2E_Event-roro-unacc.feature:559:      | associationStart.target.poleId.v2.id          | SNSENS:P=null[{mrn{testId}456}],O={mrn{testId}456}                                                                                                          |
cmd-adaptor-sns-integration-tests/src/test/resources/features/E2E_Event-roro-unacc.feature:55:    And one Event record for "SNS-ASSOC-CNot2Cons" with following attributes
cmd-adaptor-sns-integration-tests/src/test/resources/features/E2E_Event-roro-unacc.feature:563:    And one Event record for "SNS-ASSOC-CVeh2Ite" with following attributes
cmd-adaptor-sns-integration-tests/src/test/resources/features/E2E_Event-roro-unacc.feature:564:      | metadata.identityRecord.poleId.v2.id          | SNSENS:E={[SNSENS:P=null[{Nationality{testId}vehicle102}],O={Nationality{testId}vehicle102}][SNSENS:S={mrn{testId}ITE1234{testId}}][OTOSASSO]} |
cmd-adaptor-sns-integration-tests/src/test/resources/features/E2E_Event-roro-unacc.feature:566:      | metadata.sourceRecord.name                    | SNSENS                                                                                                                                         |
cmd-adaptor-sns-integration-tests/src/test/resources/features/E2E_Event-roro-unacc.feature:567:      | metadata.sourceRecord.shortName               | SNS                                                                                                                                            |
cmd-adaptor-sns-integration-tests/src/test/resources/features/E2E_Event-roro-unacc.feature:569:      | metadata.sourceRecord.id                      | {[SNSENS:P=null[{Nationality{testId}vehicle102}],O={Nationality{testId}vehicle102}][SNSENS:S={mrn{testId}ITE1234{testId}}][OTOSASSO]}          |
cmd-adaptor-sns-integration-tests/src/test/resources/features/E2E_Event-roro-unacc.feature:56:      | metadata.identityRecord.poleId.v2.id          | SNSENS:E={[SNSENS:P={partyCNotify0,Great Russell Street,WC1B 3DG{testId},London}[SNS-C-NOTIFY]][SNSENS:S={mrn{testId}789}][PTOS]} |
cmd-adaptor-sns-integration-tests/src/test/resources/features/E2E_Event-roro-unacc.feature:572:      | metadata.mappingRecord.name                   | SNS-ASSOC-CVeh2Ite                                                                                                                             |
cmd-adaptor-sns-integration-tests/src/test/resources/features/E2E_Event-roro-unacc.feature:578:      | subject.poleId.v2.id                          | SNSENS:P=null[{Nationality{testId}vehicle102}],O={Nationality{testId}vehicle102}                                                               |
cmd-adaptor-sns-integration-tests/src/test/resources/features/E2E_Event-roro-unacc.feature:581:      | associationStart.target.poleId.v2.id          | SNSENS:S={mrn{testId}ITE1234{testId}}                                                                                                          |
cmd-adaptor-sns-integration-tests/src/test/resources/features/E2E_Event-roro-unacc.feature:585:    And one Event record for "SNS-ASSOC-CVeh2Ite" with following attributes
cmd-adaptor-sns-integration-tests/src/test/resources/features/E2E_Event-roro-unacc.feature:586:      | metadata.identityRecord.poleId.v2.id          | SNSENS:E={[SNSENS:P=null[{Nationality{testId}}],O={Nationality{testId}}][SNSENS:S={mrn{testId}ITE1234{testId}}][OTOSASSO]} |
cmd-adaptor-sns-integration-tests/src/test/resources/features/E2E_Event-roro-unacc.feature:588:      | metadata.sourceRecord.name                    | SNSENS                                                                                                                     |
cmd-adaptor-sns-integration-tests/src/test/resources/features/E2E_Event-roro-unacc.feature:589:      | metadata.sourceRecord.shortName               | SNS                                                                                                                        |
cmd-adaptor-sns-integration-tests/src/test/resources/features/E2E_Event-roro-unacc.feature:58:      | metadata.sourceRecord.name                    | SNSENS                                                                                                                            |
cmd-adaptor-sns-integration-tests/src/test/resources/features/E2E_Event-roro-unacc.feature:591:      | metadata.sourceRecord.id                      | {[SNSENS:P=null[{Nationality{testId}}],O={Nationality{testId}}][SNSENS:S={mrn{testId}ITE1234{testId}}][OTOSASSO]}          |
cmd-adaptor-sns-integration-tests/src/test/resources/features/E2E_Event-roro-unacc.feature:594:      | metadata.mappingRecord.name                   | SNS-ASSOC-CVeh2Ite                                                                                                         |
cmd-adaptor-sns-integration-tests/src/test/resources/features/E2E_Event-roro-unacc.feature:59:      | metadata.sourceRecord.shortName               | SNS                                                                                                                               |
cmd-adaptor-sns-integration-tests/src/test/resources/features/E2E_Event-roro-unacc.feature:600:      | subject.poleId.v2.id                          | SNSENS:P=null[{Nationality{testId}}],O={Nationality{testId}}                                                               |
cmd-adaptor-sns-integration-tests/src/test/resources/features/E2E_Event-roro-unacc.feature:603:      | associationStart.target.poleId.v2.id          | SNSENS:S={mrn{testId}ITE1234{testId}}                                                                                      |
cmd-adaptor-sns-integration-tests/src/test/resources/features/E2E_Event-roro-unacc.feature:607:    And one Event record for "SNS-ASSOC-CVeh2Ite" with following attributes
cmd-adaptor-sns-integration-tests/src/test/resources/features/E2E_Event-roro-unacc.feature:608:      | metadata.identityRecord.poleId.v2.id          | SNSENS:E={[SNSENS:P=null[{Nationality{testId}vehicle103}],O={Nationality{testId}vehicle103}][SNSENS:S={mrn{testId}IN9876{testId}}][OTOSASSO]} |
cmd-adaptor-sns-integration-tests/src/test/resources/features/E2E_Event-roro-unacc.feature:610:      | metadata.sourceRecord.name                    | SNSENS                                                                                                                                        |
cmd-adaptor-sns-integration-tests/src/test/resources/features/E2E_Event-roro-unacc.feature:611:      | metadata.sourceRecord.shortName               | SNS                                                                                                                                           |
cmd-adaptor-sns-integration-tests/src/test/resources/features/E2E_Event-roro-unacc.feature:613:      | metadata.sourceRecord.id                      | {[SNSENS:P=null[{Nationality{testId}vehicle103}],O={Nationality{testId}vehicle103}][SNSENS:S={mrn{testId}IN9876{testId}}][OTOSASSO]}          |
cmd-adaptor-sns-integration-tests/src/test/resources/features/E2E_Event-roro-unacc.feature:616:      | metadata.mappingRecord.name                   | SNS-ASSOC-CVeh2Ite                                                                                                                            |
cmd-adaptor-sns-integration-tests/src/test/resources/features/E2E_Event-roro-unacc.feature:61:      | metadata.sourceRecord.id                      | {[SNSENS:P={partyCNotify0,Great Russell Street,WC1B 3DG{testId},London}[SNS-C-NOTIFY]][SNSENS:S={mrn{testId}789}][PTOS]}          |
cmd-adaptor-sns-integration-tests/src/test/resources/features/E2E_Event-roro-unacc.feature:622:      | subject.poleId.v2.id                          | SNSENS:P=null[{Nationality{testId}vehicle103}],O={Nationality{testId}vehicle103}                                                              |
cmd-adaptor-sns-integration-tests/src/test/resources/features/E2E_Event-roro-unacc.feature:625:      | associationStart.target.poleId.v2.id          | SNSENS:S={mrn{testId}IN9876{testId}}                                                                                                          |
cmd-adaptor-sns-integration-tests/src/test/resources/features/E2E_Event-roro-unacc.feature:629:    And one Event record for "SNS-ASSOC-CVes2Ite" with following attributes
cmd-adaptor-sns-integration-tests/src/test/resources/features/E2E_Event-roro-unacc.feature:630:      | metadata.identityRecord.poleId.v2.id          | SNSENS:E={[SNSENS:P=null[{IMO1234567Nationality{testId}}],O={IMO1234567Nationality{testId}}][SNSENS:S={mrn{testId}ITE1234{testId}}][OTOSASSO]} |
cmd-adaptor-sns-integration-tests/src/test/resources/features/E2E_Event-roro-unacc.feature:632:      | metadata.sourceRecord.name                    | SNSENS                                                                                                                                         |
cmd-adaptor-sns-integration-tests/src/test/resources/features/E2E_Event-roro-unacc.feature:633:      | metadata.sourceRecord.shortName               | SNS                                                                                                                                            |
cmd-adaptor-sns-integration-tests/src/test/resources/features/E2E_Event-roro-unacc.feature:635:      | metadata.sourceRecord.id                      | {[SNSENS:P=null[{IMO1234567Nationality{testId}}],O={IMO1234567Nationality{testId}}][SNSENS:S={mrn{testId}ITE1234{testId}}][OTOSASSO]}          |
cmd-adaptor-sns-integration-tests/src/test/resources/features/E2E_Event-roro-unacc.feature:638:      | metadata.mappingRecord.name                   | SNS-ASSOC-CVes2Ite                                                                                                                             |
cmd-adaptor-sns-integration-tests/src/test/resources/features/E2E_Event-roro-unacc.feature:644:      | subject.poleId.v2.id                          | SNSENS:P=null[{IMO1234567Nationality{testId}}],O={IMO1234567Nationality{testId}}                                                               |
cmd-adaptor-sns-integration-tests/src/test/resources/features/E2E_Event-roro-unacc.feature:647:      | associationStart.target.poleId.v2.id          | SNSENS:S={mrn{testId}ITE1234{testId}}                                                                                                          |
cmd-adaptor-sns-integration-tests/src/test/resources/features/E2E_Event-roro-unacc.feature:64:      | metadata.mappingRecord.name                   | SNS-ASSOC-CNot2Cons                                                                                                               |
cmd-adaptor-sns-integration-tests/src/test/resources/features/E2E_Event-roro-unacc.feature:651:    And one Event record for "SNS-ASSOC-Ite2Cons" with following attributes
cmd-adaptor-sns-integration-tests/src/test/resources/features/E2E_Event-roro-unacc.feature:652:      | metadata.identityRecord.poleId.v2.id          | SNSENS:E={[SNSENS:S={mrn{testId}ITE1234{testId}}][SNSENS:S={mrn{testId}789}][STOS]} |
cmd-adaptor-sns-integration-tests/src/test/resources/features/E2E_Event-roro-unacc.feature:654:      | metadata.sourceRecord.name                    | SNSENS                                                                              |
cmd-adaptor-sns-integration-tests/src/test/resources/features/E2E_Event-roro-unacc.feature:655:      | metadata.sourceRecord.shortName               | SNS                                                                                 |
cmd-adaptor-sns-integration-tests/src/test/resources/features/E2E_Event-roro-unacc.feature:657:      | metadata.sourceRecord.id                      | {[SNSENS:S={mrn{testId}ITE1234{testId}}][SNSENS:S={mrn{testId}789}][STOS]}          |
cmd-adaptor-sns-integration-tests/src/test/resources/features/E2E_Event-roro-unacc.feature:660:      | metadata.mappingRecord.name                   | SNS-ASSOC-Ite2Cons                                                                  |
cmd-adaptor-sns-integration-tests/src/test/resources/features/E2E_Event-roro-unacc.feature:666:      | subject.poleId.v2.id                          | SNSENS:S={mrn{testId}789}                                                           |
cmd-adaptor-sns-integration-tests/src/test/resources/features/E2E_Event-roro-unacc.feature:669:      | associationStart.target.poleId.v2.id          | SNSENS:S={mrn{testId}ITE1234{testId}}                                               |
cmd-adaptor-sns-integration-tests/src/test/resources/features/E2E_Event-roro-unacc.feature:673:    And one Event record for "SNS-ASSOC-Ite2Cons" with following attributes
cmd-adaptor-sns-integration-tests/src/test/resources/features/E2E_Event-roro-unacc.feature:674:      | metadata.identityRecord.poleId.v2.id          | SNSENS:E={[SNSENS:S={mrn{testId}IN9876{testId}}][SNSENS:S={mrn{testId}789}][STOS]} |
cmd-adaptor-sns-integration-tests/src/test/resources/features/E2E_Event-roro-unacc.feature:676:      | metadata.sourceRecord.name                    | SNSENS                                                                             |
cmd-adaptor-sns-integration-tests/src/test/resources/features/E2E_Event-roro-unacc.feature:677:      | metadata.sourceRecord.shortName               | SNS                                                                                |
cmd-adaptor-sns-integration-tests/src/test/resources/features/E2E_Event-roro-unacc.feature:679:      | metadata.sourceRecord.id                      | {[SNSENS:S={mrn{testId}IN9876{testId}}][SNSENS:S={mrn{testId}789}][STOS]}          |
cmd-adaptor-sns-integration-tests/src/test/resources/features/E2E_Event-roro-unacc.feature:682:      | metadata.mappingRecord.name                   | SNS-ASSOC-Ite2Cons                                                                 |
cmd-adaptor-sns-integration-tests/src/test/resources/features/E2E_Event-roro-unacc.feature:688:      | subject.poleId.v2.id                          | SNSENS:S={mrn{testId}789}                                                          |
cmd-adaptor-sns-integration-tests/src/test/resources/features/E2E_Event-roro-unacc.feature:691:      | associationStart.target.poleId.v2.id          | SNSENS:S={mrn{testId}IN9876{testId}}                                               |
cmd-adaptor-sns-integration-tests/src/test/resources/features/E2E_Event-roro-unacc.feature:695:    And one Event record for "SNS-ASSOC-Send2Cons" with following attributes
cmd-adaptor-sns-integration-tests/src/test/resources/features/E2E_Event-roro-unacc.feature:696:      | metadata.identityRecord.poleId.v2.id          | SNSENS:E={[SNSENS:P={Testing,5 Test Street,TE5 1IN{testId},Testville}[SNS-SENDER]][mrn{testId}789][PTOS]} |
cmd-adaptor-sns-integration-tests/src/test/resources/features/E2E_Event-roro-unacc.feature:698:      | metadata.sourceRecord.name                    | SNSENS                                                                                                    |
cmd-adaptor-sns-integration-tests/src/test/resources/features/E2E_Event-roro-unacc.feature:699:      | metadata.sourceRecord.shortName               | SNS                                                                                                       |
cmd-adaptor-sns-integration-tests/src/test/resources/features/E2E_Event-roro-unacc.feature:701:      | metadata.sourceRecord.id                      | {[SNSENS:P={Testing,5 Test Street,TE5 1IN{testId},Testville}[SNS-SENDER]][mrn{testId}789][PTOS]}          |
cmd-adaptor-sns-integration-tests/src/test/resources/features/E2E_Event-roro-unacc.feature:704:      | metadata.mappingRecord.name                   | SNS-ASSOC-Send2Cons                                                                                       |
cmd-adaptor-sns-integration-tests/src/test/resources/features/E2E_Event-roro-unacc.feature:70:      | subject.poleId.v2.id                          | SNSENS:P={partyCNotify0,Great Russell Street,WC1B 3DG{testId},London}[SNS-C-NOTIFY]                                               |
cmd-adaptor-sns-integration-tests/src/test/resources/features/E2E_Event-roro-unacc.feature:710:      | subject.poleId.v2.id                          | SNSENS:P={Testing,5 Test Street,TE5 1IN{testId},Testville}[SNS-SENDER]                                    |
cmd-adaptor-sns-integration-tests/src/test/resources/features/E2E_Event-roro-unacc.feature:713:      | associationStart.target.poleId.v2.id          | SNSENS:S={mrn{testId}789}                                                                                 |
cmd-adaptor-sns-integration-tests/src/test/resources/features/E2E_Event-roro-unacc.feature:717:    And one Event record for "SNS-ASSOC-Doc2Ite" with following attributes
cmd-adaptor-sns-integration-tests/src/test/resources/features/E2E_Event-roro-unacc.feature:718:      | metadata.identityRecord.poleId.v2.id          | SNSENS:E={[SNSENS:P=null[{704ABC1234567Englishmrn{testId}}],O={704ABC1234567Englishmrn{testId}}][SNSENS:S={mrn{testId}ITE1234{testId}}][OTOSASSO]} |
cmd-adaptor-sns-integration-tests/src/test/resources/features/E2E_Event-roro-unacc.feature:720:      | metadata.sourceRecord.name                    | SNSENS                                                                                                                                             |
cmd-adaptor-sns-integration-tests/src/test/resources/features/E2E_Event-roro-unacc.feature:721:      | metadata.sourceRecord.shortName               | SNS                                                                                                                                                |
cmd-adaptor-sns-integration-tests/src/test/resources/features/E2E_Event-roro-unacc.feature:723:      | metadata.sourceRecord.id                      | {[SNSENS:P=null[{704ABC1234567Englishmrn{testId}}],O={704ABC1234567Englishmrn{testId}}][SNSENS:S={mrn{testId}ITE1234{testId}}][OTOSASSO]}          |
cmd-adaptor-sns-integration-tests/src/test/resources/features/E2E_Event-roro-unacc.feature:726:      | metadata.mappingRecord.name                   | SNS-ASSOC-Doc2Ite                                                                                                                                  |
cmd-adaptor-sns-integration-tests/src/test/resources/features/E2E_Event-roro-unacc.feature:732:      | subject.poleId.v2.id                          | SNSENS:P=null[{704ABC1234567Englishmrn{testId}}],O={704ABC1234567Englishmrn{testId}}                                                               |
cmd-adaptor-sns-integration-tests/src/test/resources/features/E2E_Event-roro-unacc.feature:735:      | associationStart.target.poleId.v2.id          | SNSENS:S={mrn{testId}ITE1234{testId}}                                                                                                              |
cmd-adaptor-sns-integration-tests/src/test/resources/features/E2E_Event-roro-unacc.feature:739:    And one Event record for "SNS-ASSOC-Doc2Ite" with following attributes
cmd-adaptor-sns-integration-tests/src/test/resources/features/E2E_Event-roro-unacc.feature:73:      | associationStart.target.poleId.v2.id          | SNSENS:S={mrn{testId}789}                                                                                                         |
cmd-adaptor-sns-integration-tests/src/test/resources/features/E2E_Event-roro-unacc.feature:740:      | metadata.identityRecord.poleId.v2.id          | SNSENS:E={[SNSENS:P=null[{N704BH-123Germanmrn{testId}}],O={N704BH-123Germanmrn{testId}}][SNSENS:S={mrn{testId}IN9876{testId}}][OTOSASSO]} |
cmd-adaptor-sns-integration-tests/src/test/resources/features/E2E_Event-roro-unacc.feature:742:      | metadata.sourceRecord.name                    | SNSENS                                                                                                                                    |
cmd-adaptor-sns-integration-tests/src/test/resources/features/E2E_Event-roro-unacc.feature:743:      | metadata.sourceRecord.shortName               | SNS                                                                                                                                       |
cmd-adaptor-sns-integration-tests/src/test/resources/features/E2E_Event-roro-unacc.feature:745:      | metadata.sourceRecord.id                      | {[SNSENS:P=null[{N704BH-123Germanmrn{testId}}],O={N704BH-123Germanmrn{testId}}][SNSENS:S={mrn{testId}IN9876{testId}}][OTOSASSO]}          |
cmd-adaptor-sns-integration-tests/src/test/resources/features/E2E_Event-roro-unacc.feature:748:      | metadata.mappingRecord.name                   | SNS-ASSOC-Doc2Ite                                                                                                                         |
cmd-adaptor-sns-integration-tests/src/test/resources/features/E2E_Event-roro-unacc.feature:754:      | subject.poleId.v2.id                          | SNSENS:P=null[{N704BH-123Germanmrn{testId}}],O={N704BH-123Germanmrn{testId}}                                                              |
cmd-adaptor-sns-integration-tests/src/test/resources/features/E2E_Event-roro-unacc.feature:757:      | associationStart.target.poleId.v2.id          | SNSENS:S={mrn{testId}IN9876{testId}}                                                                                                      |
cmd-adaptor-sns-integration-tests/src/test/resources/features/E2E_Event-roro-unacc.feature:761:    And one Event record for "SNS-ASSOC-Doc2Ite" with following attributes
cmd-adaptor-sns-integration-tests/src/test/resources/features/E2E_Event-roro-unacc.feature:762:      | metadata.identityRecord.poleId.v2.id          | SNSENS:E={[SNSENS:P=null[{714HX-987Frenchmrn{testId}}],O={714HX-987Frenchmrn{testId}}][SNSENS:S={mrn{testId}IN9876{testId}}][OTOSASSO]} |
cmd-adaptor-sns-integration-tests/src/test/resources/features/E2E_Event-roro-unacc.feature:764:      | metadata.sourceRecord.name                    | SNSENS                                                                                                                                  |
cmd-adaptor-sns-integration-tests/src/test/resources/features/E2E_Event-roro-unacc.feature:765:      | metadata.sourceRecord.shortName               | SNS                                                                                                                                     |
cmd-adaptor-sns-integration-tests/src/test/resources/features/E2E_Event-roro-unacc.feature:767:      | metadata.sourceRecord.id                      | {[SNSENS:P=null[{714HX-987Frenchmrn{testId}}],O={714HX-987Frenchmrn{testId}}][SNSENS:S={mrn{testId}IN9876{testId}}][OTOSASSO]}          |
cmd-adaptor-sns-integration-tests/src/test/resources/features/E2E_Event-roro-unacc.feature:770:      | metadata.mappingRecord.name                   | SNS-ASSOC-Doc2Ite                                                                                                                       |
cmd-adaptor-sns-integration-tests/src/test/resources/features/E2E_Event-roro-unacc.feature:776:      | subject.poleId.v2.id                          | SNSENS:P=null[{714HX-987Frenchmrn{testId}}],O={714HX-987Frenchmrn{testId}}                                                              |
cmd-adaptor-sns-integration-tests/src/test/resources/features/E2E_Event-roro-unacc.feature:779:      | associationStart.target.poleId.v2.id          | SNSENS:S={mrn{testId}IN9876{testId}}                                                                                                    |
cmd-adaptor-sns-integration-tests/src/test/resources/features/E2E_Event-roro-unacc.feature:77:    And one Event record for "SNS-ASSOC-CNot2Cons" with following attributes
cmd-adaptor-sns-integration-tests/src/test/resources/features/E2E_Event-roro-unacc.feature:783:    And one Event record for "SNS-ASSOC-CTral2Ite" with following attributes
cmd-adaptor-sns-integration-tests/src/test/resources/features/E2E_Event-roro-unacc.feature:784:      | metadata.identityRecord.poleId.v2.id          | SNSENS:E={[SNSENS:P=null[{trailer102Nationality{testId}mrn{testId}}],O={trailer102Nationality{testId}mrn{testId}}][SNSENS:S={mrn{testId}ITE1234{testId}}][OTOSASSO]} |
cmd-adaptor-sns-integration-tests/src/test/resources/features/E2E_Event-roro-unacc.feature:786:      | metadata.sourceRecord.name                    | SNSENS                                                                                                                                                               |
cmd-adaptor-sns-integration-tests/src/test/resources/features/E2E_Event-roro-unacc.feature:787:      | metadata.sourceRecord.shortName               | SNS                                                                                                                                                                  |
cmd-adaptor-sns-integration-tests/src/test/resources/features/E2E_Event-roro-unacc.feature:789:      | metadata.sourceRecord.id                      | {[SNSENS:P=null[{trailer102Nationality{testId}mrn{testId}}],O={trailer102Nationality{testId}mrn{testId}}][SNSENS:S={mrn{testId}ITE1234{testId}}][OTOSASSO]}          |
cmd-adaptor-sns-integration-tests/src/test/resources/features/E2E_Event-roro-unacc.feature:78:      | metadata.identityRecord.poleId.v2.id          | SNSENS:E={[SNSENS:P={partyCNotify1,St Katharine,EC3N 4AB{testId},London}[SNS-C-NOTIFY]][SNSENS:S={mrn{testId}789}][PTOS]} |
cmd-adaptor-sns-integration-tests/src/test/resources/features/E2E_Event-roro-unacc.feature:792:      | metadata.mappingRecord.name                   | SNS-ASSOC-CTral2Ite                                                                                                                                                  |
cmd-adaptor-sns-integration-tests/src/test/resources/features/E2E_Event-roro-unacc.feature:798:      | subject.poleId.v2.id                          | SNSENS:P=null[{trailer102Nationality{testId}mrn{testId}}],O={trailer102Nationality{testId}mrn{testId}}                                                               |
cmd-adaptor-sns-integration-tests/src/test/resources/features/E2E_Event-roro-unacc.feature:801:      | associationStart.target.poleId.v2.id          | SNSENS:S={mrn{testId}ITE1234{testId}}                                                                                                                                |
cmd-adaptor-sns-integration-tests/src/test/resources/features/E2E_Event-roro-unacc.feature:805:    And one Event record for "SNS-ASSOC-CTral2Ite" with following attributes
cmd-adaptor-sns-integration-tests/src/test/resources/features/E2E_Event-roro-unacc.feature:806:      | metadata.identityRecord.poleId.v2.id          | SNSENS:E={[SNSENS:P=null[{trailer103Nationality{testId}mrn{testId}}],O={trailer103Nationality{testId}mrn{testId}}][SNSENS:S={mrn{testId}IN9876{testId}}][OTOSASSO]} |
cmd-adaptor-sns-integration-tests/src/test/resources/features/E2E_Event-roro-unacc.feature:808:      | metadata.sourceRecord.name                    | SNSENS                                                                                                                                                              |
cmd-adaptor-sns-integration-tests/src/test/resources/features/E2E_Event-roro-unacc.feature:809:      | metadata.sourceRecord.shortName               | SNS                                                                                                                                                                 |
cmd-adaptor-sns-integration-tests/src/test/resources/features/E2E_Event-roro-unacc.feature:80:      | metadata.sourceRecord.name                    | SNSENS                                                                                                                    |
cmd-adaptor-sns-integration-tests/src/test/resources/features/E2E_Event-roro-unacc.feature:811:      | metadata.sourceRecord.id                      | {[SNSENS:P=null[{trailer103Nationality{testId}mrn{testId}}],O={trailer103Nationality{testId}mrn{testId}}][SNSENS:S={mrn{testId}IN9876{testId}}][OTOSASSO]}          |
cmd-adaptor-sns-integration-tests/src/test/resources/features/E2E_Event-roro-unacc.feature:814:      | metadata.mappingRecord.name                   | SNS-ASSOC-CTral2Ite                                                                                                                                                 |
cmd-adaptor-sns-integration-tests/src/test/resources/features/E2E_Event-roro-unacc.feature:81:      | metadata.sourceRecord.shortName               | SNS                                                                                                                       |
cmd-adaptor-sns-integration-tests/src/test/resources/features/E2E_Event-roro-unacc.feature:820:      | subject.poleId.v2.id                          | SNSENS:P=null[{trailer103Nationality{testId}mrn{testId}}],O={trailer103Nationality{testId}mrn{testId}}                                                              |
cmd-adaptor-sns-integration-tests/src/test/resources/features/E2E_Event-roro-unacc.feature:823:      | associationStart.target.poleId.v2.id          | SNSENS:S={mrn{testId}IN9876{testId}}                                                                                                                                |
cmd-adaptor-sns-integration-tests/src/test/resources/features/E2E_Event-roro-unacc.feature:829:    And one Event record for "SNS-ASSOC-Veh2Tra" with following attributes
cmd-adaptor-sns-integration-tests/src/test/resources/features/E2E_Event-roro-unacc.feature:830:      | metadata.identityRecord.poleId.v2.id          | SNSENS:E={[SNSENS:P=null[{Nationality{testId}vehicle101}],O={Nationality{testId}vehicle101}][SNSENS:P=null[{trailer101Nationality{testId}mrn{testId}}],O={trailer101Nationality{testId}mrn{testId}}][OTOOLINK]} |
cmd-adaptor-sns-integration-tests/src/test/resources/features/E2E_Event-roro-unacc.feature:832:      | metadata.sourceRecord.name                    | SNSENS                                                                                                                                                                                                          |
cmd-adaptor-sns-integration-tests/src/test/resources/features/E2E_Event-roro-unacc.feature:833:      | metadata.sourceRecord.shortName               | SNS                                                                                                                                                                                                             |
cmd-adaptor-sns-integration-tests/src/test/resources/features/E2E_Event-roro-unacc.feature:835:      | metadata.sourceRecord.id                      | {[SNSENS:P=null[{Nationality{testId}vehicle101}],O={Nationality{testId}vehicle101}][SNSENS:P=null[{trailer101Nationality{testId}mrn{testId}}],O={trailer101Nationality{testId}mrn{testId}}][OTOOLINK]}          |
cmd-adaptor-sns-integration-tests/src/test/resources/features/E2E_Event-roro-unacc.feature:838:      | metadata.mappingRecord.name                   | SNS-ASSOC-Veh2Tra                                                                                                                                                                                               |
cmd-adaptor-sns-integration-tests/src/test/resources/features/E2E_Event-roro-unacc.feature:83:      | metadata.sourceRecord.id                      | {[SNSENS:P={partyCNotify1,St Katharine,EC3N 4AB{testId},London}[SNS-C-NOTIFY]][SNSENS:S={mrn{testId}789}][PTOS]}          |
cmd-adaptor-sns-integration-tests/src/test/resources/features/E2E_Event-roro-unacc.feature:844:      | subject.poleId.v2.id                          | SNSENS:P=null[{Nationality{testId}vehicle101}],O={Nationality{testId}vehicle101}                                                                                                                                |
cmd-adaptor-sns-integration-tests/src/test/resources/features/E2E_Event-roro-unacc.feature:847:      | associationStart.target.poleId.v2.id          | SNSENS:P=null[{trailer101Nationality{testId}mrn{testId}}],O={trailer101Nationality{testId}mrn{testId}}                                                                                                          |
cmd-adaptor-sns-integration-tests/src/test/resources/features/E2E_Event-roro-unacc.feature:86:      | metadata.mappingRecord.name                   | SNS-ASSOC-CNot2Cons                                                                                                       |
cmd-adaptor-sns-integration-tests/src/test/resources/features/E2E_Event-roro-unacc.feature:92:      | subject.poleId.v2.id                          | SNSENS:P={partyCNotify1,St Katharine,EC3N 4AB{testId},London}[SNS-C-NOTIFY]                                               |
cmd-adaptor-sns-integration-tests/src/test/resources/features/E2E_Event-roro-unacc.feature:95:      | associationStart.target.poleId.v2.id          | SNSENS:S={mrn{testId}789}                                                                                                 |
cmd-adaptor-sns-integration-tests/src/test/resources/features/E2E_Event-roro-unacc.feature:99:    And one Event record for "SNS-ASSOC-CShi2Cons" with following attributes
cmd-adaptor-sns-integration-tests/src/test/resources/features/E2E_Location.feature:108:      | metadata.mappingRecord.name                      | SNS-C-CONS-ADD                                                                                            |
cmd-adaptor-sns-integration-tests/src/test/resources/features/E2E_Location.feature:116:      | party.poleId.v2.id                               | SNSENS:P={partyCConsignee0,Castlehill,EH1 2NG{testId},Edinburgh}[SNS-C-CONSIGNEE]                         |
cmd-adaptor-sns-integration-tests/src/test/resources/features/E2E_Location.feature:11:    And one Location record for "SNS-C-CONS-ADD" with following attributes
cmd-adaptor-sns-integration-tests/src/test/resources/features/E2E_Location.feature:12:      | metadata.identityRecord.poleId.v2.id             | SNSENS:P={locationCConsignee2,Woodstock,OX20 1PP{testId},Oxfordshire}[SNS-C-CONSIGNEE],L={22BristolBR11 1OL100} |
cmd-adaptor-sns-integration-tests/src/test/resources/features/E2E_Location.feature:137:    And one Location record for "SNS-C-NOTIFY-ADD" with following attributes
cmd-adaptor-sns-integration-tests/src/test/resources/features/E2E_Location.feature:138:      | metadata.identityRecord.poleId.v2.id          | SNSENS:P={locationCNotify2,St Katharine,EC3N 4AB{testId},London}[SNS-C-NOTIFY],L={66LiverpoolLI90 POL100} |
cmd-adaptor-sns-integration-tests/src/test/resources/features/E2E_Location.feature:140:      | metadata.sourceRecord.name                    | SNSENS                                                                                                    |
cmd-adaptor-sns-integration-tests/src/test/resources/features/E2E_Location.feature:141:      | metadata.sourceRecord.shortName               | SNS                                                                                                       |
cmd-adaptor-sns-integration-tests/src/test/resources/features/E2E_Location.feature:14:      | metadata.sourceRecord.name                       | SNSENS                                                                                                          |
cmd-adaptor-sns-integration-tests/src/test/resources/features/E2E_Location.feature:150:      | metadata.mappingRecord.name                   | SNS-C-NOTIFY-ADD                                                                                          |
cmd-adaptor-sns-integration-tests/src/test/resources/features/E2E_Location.feature:158:      | party.poleId.v2.id                            | SNSENS:P={locationCNotify2,St Katharine,EC3N 4AB{testId},London}[SNS-C-NOTIFY]                            |
cmd-adaptor-sns-integration-tests/src/test/resources/features/E2E_Location.feature:15:      | metadata.sourceRecord.shortName                  | SNS                                                                                                             |
cmd-adaptor-sns-integration-tests/src/test/resources/features/E2E_Location.feature:178:    And one Location record for "SNS-C-NOTIFY-ADD" with following attributes
cmd-adaptor-sns-integration-tests/src/test/resources/features/E2E_Location.feature:179:      | metadata.identityRecord.poleId.v2.id          | SNSENS:P={partyCNotify1,St Katharine,EC3N 4AB{testId},London}[SNS-C-NOTIFY],L={66LiverpoolLI90 POL100} |
cmd-adaptor-sns-integration-tests/src/test/resources/features/E2E_Location.feature:181:      | metadata.sourceRecord.name                    | SNSENS                                                                                                 |
cmd-adaptor-sns-integration-tests/src/test/resources/features/E2E_Location.feature:182:      | metadata.sourceRecord.shortName               | SNS                                                                                                    |
cmd-adaptor-sns-integration-tests/src/test/resources/features/E2E_Location.feature:191:      | metadata.mappingRecord.name                   | SNS-C-NOTIFY-ADD                                                                                       |
cmd-adaptor-sns-integration-tests/src/test/resources/features/E2E_Location.feature:199:      | party.poleId.v2.id                            | SNSENS:P={partyCNotify1,St Katharine,EC3N 4AB{testId},London}[SNS-C-NOTIFY]                            |
cmd-adaptor-sns-integration-tests/src/test/resources/features/E2E_Location.feature:219:    And one Location record for "SNS-C-NOTIFY-ADD" with following attributes
cmd-adaptor-sns-integration-tests/src/test/resources/features/E2E_Location.feature:220:      | metadata.identityRecord.poleId.v2.id          | SNSENS:P={partyCNotify0,Great Russell Street,WC1B 3DG{testId},London}[SNS-C-NOTIFY],L={100ReadingRG1 0NG100} |
cmd-adaptor-sns-integration-tests/src/test/resources/features/E2E_Location.feature:222:      | metadata.sourceRecord.name                    | SNSENS                                                                                                       |
cmd-adaptor-sns-integration-tests/src/test/resources/features/E2E_Location.feature:223:      | metadata.sourceRecord.shortName               | SNS                                                                                                          |
cmd-adaptor-sns-integration-tests/src/test/resources/features/E2E_Location.feature:232:      | metadata.mappingRecord.name                   | SNS-C-NOTIFY-ADD                                                                                             |
cmd-adaptor-sns-integration-tests/src/test/resources/features/E2E_Location.feature:240:      | party.poleId.v2.id                            | SNSENS:P={partyCNotify0,Great Russell Street,WC1B 3DG{testId},London}[SNS-C-NOTIFY]                          |
cmd-adaptor-sns-integration-tests/src/test/resources/features/E2E_Location.feature:24:      | metadata.mappingRecord.name                      | SNS-C-CONS-ADD                                                                                                  |
cmd-adaptor-sns-integration-tests/src/test/resources/features/E2E_Location.feature:260:    And one Location record for "SNS-C-SHIP-ADD" with following attributes
cmd-adaptor-sns-integration-tests/src/test/resources/features/E2E_Location.feature:261:      | metadata.identityRecord.poleId.v2.id          | SNSENS:P={Location CShip,8 Somewhere Street,NW1 5EX{testId},London}[SNS-C-SHIPPER],L={40LeedsLE12 0DS100} |
cmd-adaptor-sns-integration-tests/src/test/resources/features/E2E_Location.feature:263:      | metadata.sourceRecord.name                    | SNSENS                                                                                                    |
cmd-adaptor-sns-integration-tests/src/test/resources/features/E2E_Location.feature:264:      | metadata.sourceRecord.shortName               | SNS                                                                                                       |
cmd-adaptor-sns-integration-tests/src/test/resources/features/E2E_Location.feature:273:      | metadata.mappingRecord.name                   | SNS-C-SHIP-ADD                                                                                            |
cmd-adaptor-sns-integration-tests/src/test/resources/features/E2E_Location.feature:281:      | party.poleId.v2.id                            | SNSENS:P={Location CShip,8 Somewhere Street,NW1 5EX{testId},London}[SNS-C-SHIPPER]                        |
cmd-adaptor-sns-integration-tests/src/test/resources/features/E2E_Location.feature:2:Feature: Test SNS Command Adaptor - Location
cmd-adaptor-sns-integration-tests/src/test/resources/features/E2E_Location.feature:301:    And one Location record for "SNS-C-SHIP-ADD" with following attributes
cmd-adaptor-sns-integration-tests/src/test/resources/features/E2E_Location.feature:302:      | metadata.identityRecord.poleId.v2.id          | SNSENS:P={goodsConsignorName2{testId}40LeedsLE12 0DS100}[SNS-C-SHIPPER],L={40LeedsLE12 0DS100} |
cmd-adaptor-sns-integration-tests/src/test/resources/features/E2E_Location.feature:304:      | metadata.sourceRecord.name                    | SNSENS                                                                                         |
cmd-adaptor-sns-integration-tests/src/test/resources/features/E2E_Location.feature:305:      | metadata.sourceRecord.shortName               | SNS                                                                                            |
cmd-adaptor-sns-integration-tests/src/test/resources/features/E2E_Location.feature:314:      | metadata.mappingRecord.name                   | SNS-C-SHIP-ADD                                                                                 |
cmd-adaptor-sns-integration-tests/src/test/resources/features/E2E_Location.feature:322:      | party.poleId.v2.id                            | SNSENS:P={goodsConsignorName2{testId}40LeedsLE12 0DS100}[SNS-C-SHIPPER]                        |
cmd-adaptor-sns-integration-tests/src/test/resources/features/E2E_Location.feature:32:      | party.poleId.v2.id                               | SNSENS:P={locationCConsignee2,Woodstock,OX20 1PP{testId},Oxfordshire}[SNS-C-CONSIGNEE]                          |
cmd-adaptor-sns-integration-tests/src/test/resources/features/E2E_Location.feature:342:    And one Location record for "SNS-C-SHIP-ADD" with following attributes
cmd-adaptor-sns-integration-tests/src/test/resources/features/E2E_Location.feature:343:      | metadata.identityRecord.poleId.v2.id          | SNSENS:P={goodsConsignor,12 Abbey Road,NW1 4AB{testId},London}[SNS-C-SHIPPER],L={11BirminghamBH1 2AM100} |
cmd-adaptor-sns-integration-tests/src/test/resources/features/E2E_Location.feature:345:      | metadata.sourceRecord.name                    | SNSENS                                                                                                   |
cmd-adaptor-sns-integration-tests/src/test/resources/features/E2E_Location.feature:346:      | metadata.sourceRecord.shortName               | SNS                                                                                                      |
cmd-adaptor-sns-integration-tests/src/test/resources/features/E2E_Location.feature:355:      | metadata.mappingRecord.name                   | SNS-C-SHIP-ADD                                                                                           |
cmd-adaptor-sns-integration-tests/src/test/resources/features/E2E_Location.feature:363:      | party.poleId.v2.id                            | SNSENS:P={goodsConsignor,12 Abbey Road,NW1 4AB{testId},London}[SNS-C-SHIPPER]                            |
cmd-adaptor-sns-integration-tests/src/test/resources/features/E2E_Location.feature:383:    And one Location record for "SNS-DECLARANT-ADD" with following attributes
cmd-adaptor-sns-integration-tests/src/test/resources/features/E2E_Location.feature:384:      | metadata.identityRecord.poleId.v2.id          | SNSENS:P={partyDeclarant,1 Savoy Hill,WC2R 0BP{testId},London}[SNS-DECLARANT],L={100BathBA44 4TH100} |
cmd-adaptor-sns-integration-tests/src/test/resources/features/E2E_Location.feature:386:      | metadata.sourceRecord.name                    | SNSENS                                                                                               |
cmd-adaptor-sns-integration-tests/src/test/resources/features/E2E_Location.feature:387:      | metadata.sourceRecord.shortName               | SNS                                                                                                  |
cmd-adaptor-sns-integration-tests/src/test/resources/features/E2E_Location.feature:396:      | metadata.mappingRecord.name                   | SNS-DECLARANT-ADD                                                                                    |
cmd-adaptor-sns-integration-tests/src/test/resources/features/E2E_Location.feature:404:      | party.poleId.v2.id                            | SNSENS:P={partyDeclarant,1 Savoy Hill,WC2R 0BP{testId},London}[SNS-DECLARANT]                        |
cmd-adaptor-sns-integration-tests/src/test/resources/features/E2E_Location.feature:424:    And one Location record for "SNS-M-CONS-ADD" with following attributes
cmd-adaptor-sns-integration-tests/src/test/resources/features/E2E_Location.feature:425:      | metadata.identityRecord.poleId.v2.id          | SNSENS:P={partyConsignee,221B Baker Street,NW1 6XE{testId},London}[SNS-M-CONSIGNEE],L={23ParisPA12 IS200} |
cmd-adaptor-sns-integration-tests/src/test/resources/features/E2E_Location.feature:427:      | metadata.sourceRecord.name                    | SNSENS                                                                                                    |
cmd-adaptor-sns-integration-tests/src/test/resources/features/E2E_Location.feature:428:      | metadata.sourceRecord.shortName               | SNS                                                                                                       |
cmd-adaptor-sns-integration-tests/src/test/resources/features/E2E_Location.feature:437:      | metadata.mappingRecord.name                   | SNS-M-CONS-ADD                                                                                            |
cmd-adaptor-sns-integration-tests/src/test/resources/features/E2E_Location.feature:445:      | party.poleId.v2.id                            | SNSENS:P={partyConsignee,221B Baker Street,NW1 6XE{testId},London}[SNS-M-CONSIGNEE]                       |
cmd-adaptor-sns-integration-tests/src/test/resources/features/E2E_Location.feature:465:    And one Location record for "SNS-M-NOTIFY-ADD" with following attributes
cmd-adaptor-sns-integration-tests/src/test/resources/features/E2E_Location.feature:466:      | metadata.identityRecord.poleId.v2.id          | SNSENS:P={PartyNotify,10 Downing Street,W1 2EB{testId},London}[SNS-M-NOTIFY],L={56BristolBR00 6OL100} |
cmd-adaptor-sns-integration-tests/src/test/resources/features/E2E_Location.feature:468:      | metadata.sourceRecord.name                    | SNSENS                                                                                                |
cmd-adaptor-sns-integration-tests/src/test/resources/features/E2E_Location.feature:469:      | metadata.sourceRecord.shortName               | SNS                                                                                                   |
cmd-adaptor-sns-integration-tests/src/test/resources/features/E2E_Location.feature:478:      | metadata.mappingRecord.name                   | SNS-M-NOTIFY-ADD                                                                                      |
cmd-adaptor-sns-integration-tests/src/test/resources/features/E2E_Location.feature:486:      | party.poleId.v2.id                            | SNSENS:P={PartyNotify,10 Downing Street,W1 2EB{testId},London}[SNS-M-NOTIFY]                          |
cmd-adaptor-sns-integration-tests/src/test/resources/features/E2E_Location.feature:506:    And one Location record for "SNS-M-SHIP-ADD" with following attributes
cmd-adaptor-sns-integration-tests/src/test/resources/features/E2E_Location.feature:507:      | metadata.identityRecord.poleId.v2.id          | SNSENS:P={PartyConsignor,12 Abbey Road,NW1 4AB{testId},London}[SNS-M-SHIPPER],L={90CardiffCA34 7FF100} |
cmd-adaptor-sns-integration-tests/src/test/resources/features/E2E_Location.feature:509:      | metadata.sourceRecord.name                    | SNSENS                                                                                                 |
cmd-adaptor-sns-integration-tests/src/test/resources/features/E2E_Location.feature:510:      | metadata.sourceRecord.shortName               | SNS                                                                                                    |
cmd-adaptor-sns-integration-tests/src/test/resources/features/E2E_Location.feature:519:      | metadata.mappingRecord.name                   | SNS-M-SHIP-ADD                                                                                         |
cmd-adaptor-sns-integration-tests/src/test/resources/features/E2E_Location.feature:527:      | party.poleId.v2.id                            | SNSENS:P={PartyConsignor,12 Abbey Road,NW1 4AB{testId},London}[SNS-M-SHIPPER]                          |
cmd-adaptor-sns-integration-tests/src/test/resources/features/E2E_Location.feature:53:    And one Location record for "SNS-C-CONS-ADD" with following attributes
cmd-adaptor-sns-integration-tests/src/test/resources/features/E2E_Location.feature:547:    And one Location record for "SNS-REP-ADD" with following attributes
cmd-adaptor-sns-integration-tests/src/test/resources/features/E2E_Location.feature:548:      | metadata.identityRecord.poleId.v2.id          | SNSENS:P={Acme Co,7 Somewhere Street,NW1 5EX{testId},London}[SNS-REPRESENTATIVE],L={33LondonLN12 7ON100} |
cmd-adaptor-sns-integration-tests/src/test/resources/features/E2E_Location.feature:54:      | metadata.identityRecord.poleId.v2.id             | SNSENS:P={partyCConsignee1,Woodstock,OX20 1PP{testId},Oxfordshire}[SNS-C-CONSIGNEE],L={22BristolBR11 1OL100} |
cmd-adaptor-sns-integration-tests/src/test/resources/features/E2E_Location.feature:550:      | metadata.sourceRecord.name                    | SNSENS                                                                                                   |
cmd-adaptor-sns-integration-tests/src/test/resources/features/E2E_Location.feature:551:      | metadata.sourceRecord.shortName               | SNS                                                                                                      |
cmd-adaptor-sns-integration-tests/src/test/resources/features/E2E_Location.feature:560:      | metadata.mappingRecord.name                   | SNS-REP-ADD                                                                                              |
cmd-adaptor-sns-integration-tests/src/test/resources/features/E2E_Location.feature:568:      | party.poleId.v2.id                            | SNSENS:P={Acme Co,7 Somewhere Street,NW1 5EX{testId},London}[SNS-REPRESENTATIVE]                         |
cmd-adaptor-sns-integration-tests/src/test/resources/features/E2E_Location.feature:56:      | metadata.sourceRecord.name                       | SNSENS                                                                                                       |
cmd-adaptor-sns-integration-tests/src/test/resources/features/E2E_Location.feature:57:      | metadata.sourceRecord.shortName                  | SNS                                                                                                          |
cmd-adaptor-sns-integration-tests/src/test/resources/features/E2E_Location.feature:588:    And one Location record for "SNS-SENDER-ADD" with following attributes
cmd-adaptor-sns-integration-tests/src/test/resources/features/E2E_Location.feature:589:      | metadata.identityRecord.poleId.v2.id          | SNSENS:P={Testing,5 Test Street,TE5 1IN{testId},Testville}[SNS-SENDER],L={5 Test Street-TE5 1IN{testId}-Testville} |
cmd-adaptor-sns-integration-tests/src/test/resources/features/E2E_Location.feature:591:      | metadata.sourceRecord.name                    | SNSENS                                                                                                             |
cmd-adaptor-sns-integration-tests/src/test/resources/features/E2E_Location.feature:592:      | metadata.sourceRecord.shortName               | SNS                                                                                                                |
cmd-adaptor-sns-integration-tests/src/test/resources/features/E2E_Location.feature:597:      | metadata.mappingRecord.name                   | SNS-SENDER-ADD                                                                                                     |
cmd-adaptor-sns-integration-tests/src/test/resources/features/E2E_Location.feature:603:      | party.poleId.v2.id                            | SNSENS:P={Testing,5 Test Street,TE5 1IN{testId},Testville}[SNS-SENDER]                                             |
cmd-adaptor-sns-integration-tests/src/test/resources/features/E2E_Location.feature:625:    And one Location record for "SNS-M-CARRIER-ADD" with following attributes
cmd-adaptor-sns-integration-tests/src/test/resources/features/E2E_Location.feature:626:      | metadata.identityRecord.poleId.v2.id          | SNSENS:P={partiesCarrier,62 Golden Street,MK1 3RW{testId},Milton Keynes}[SNS-M-CARRIER],L={Farm closeLondonHa5 1hy100} |
cmd-adaptor-sns-integration-tests/src/test/resources/features/E2E_Location.feature:628:      | metadata.sourceRecord.name                    | SNSENS                                                                                                                 |
cmd-adaptor-sns-integration-tests/src/test/resources/features/E2E_Location.feature:629:      | metadata.sourceRecord.shortName               | SNS                                                                                                                    |
cmd-adaptor-sns-integration-tests/src/test/resources/features/E2E_Location.feature:634:      | metadata.mappingRecord.name                   | SNS-M-CARRIER-ADD                                                                                                      |
cmd-adaptor-sns-integration-tests/src/test/resources/features/E2E_Location.feature:640:      | party.poleId.v2.id                            | SNSENS:P={partiesCarrier,62 Golden Street,MK1 3RW{testId},Milton Keynes}[SNS-M-CARRIER]                                |
cmd-adaptor-sns-integration-tests/src/test/resources/features/E2E_Location.feature:66:      | metadata.mappingRecord.name                      | SNS-C-CONS-ADD                                                                                               |
cmd-adaptor-sns-integration-tests/src/test/resources/features/E2E_Location.feature:74:      | party.poleId.v2.id                               | SNSENS:P={partyCConsignee1,Woodstock,OX20 1PP{testId},Oxfordshire}[SNS-C-CONSIGNEE]                          |
cmd-adaptor-sns-integration-tests/src/test/resources/features/E2E_Location.feature:95:    And one Location record for "SNS-C-CONS-ADD" with following attributes
cmd-adaptor-sns-integration-tests/src/test/resources/features/E2E_Location.feature:96:      | metadata.identityRecord.poleId.v2.id             | SNSENS:P={partyCConsignee0,Castlehill,EH1 2NG{testId},Edinburgh}[SNS-C-CONSIGNEE],L={15LondonLD12 3ON100} |
cmd-adaptor-sns-integration-tests/src/test/resources/features/E2E_Location.feature:98:      | metadata.sourceRecord.name                       | SNSENS                                                                                                    |
cmd-adaptor-sns-integration-tests/src/test/resources/features/E2E_Location.feature:99:      | metadata.sourceRecord.shortName                  | SNS                                                                                                       |
cmd-adaptor-sns-integration-tests/src/test/resources/features/E2E_Object.feature:100:      | metadata.mappingRecord.name                          | SNS-DOCUMENT                                                                                                                 |
cmd-adaptor-sns-integration-tests/src/test/resources/features/E2E_Object.feature:10:      | metadata.identityRecord.poleId.v2.id                                | SNSENS:P=null[{Nationality{testId}vehicle001}],O={Nationality{testId}vehicle001} |
cmd-adaptor-sns-integration-tests/src/test/resources/features/E2E_Object.feature:113:      | party.poleId.v2.id                                   | SNSENS:P=null[{704ABC1234567EnglishmovementReferenceNumber{testId}}]                                                         |
cmd-adaptor-sns-integration-tests/src/test/resources/features/E2E_Object.feature:127:    And one Object record for "SNS-DOCUMENT" with following attributes
cmd-adaptor-sns-integration-tests/src/test/resources/features/E2E_Object.feature:128:      | metadata.identityRecord.poleId.v2.id                 | SNSENS:P=null[{N704BH-123GermanmovementReferenceNumber{testId}}],O={N704BH-123GermanmovementReferenceNumber{testId}} |
cmd-adaptor-sns-integration-tests/src/test/resources/features/E2E_Object.feature:12:      | metadata.sourceRecord.name                                          | SNSENS                                                                           |
cmd-adaptor-sns-integration-tests/src/test/resources/features/E2E_Object.feature:130:      | metadata.sourceRecord.name                           | SNSENS                                                                                                               |
cmd-adaptor-sns-integration-tests/src/test/resources/features/E2E_Object.feature:131:      | metadata.sourceRecord.shortName                      | SNS                                                                                                                  |
cmd-adaptor-sns-integration-tests/src/test/resources/features/E2E_Object.feature:13:      | metadata.sourceRecord.shortName                                     | SNS                                                                              |
cmd-adaptor-sns-integration-tests/src/test/resources/features/E2E_Object.feature:140:      | metadata.mappingRecord.name                          | SNS-DOCUMENT                                                                                                         |
cmd-adaptor-sns-integration-tests/src/test/resources/features/E2E_Object.feature:153:      | party.poleId.v2.id                                   | SNSENS:P=null[{N704BH-123GermanmovementReferenceNumber{testId}}]                                                     |
cmd-adaptor-sns-integration-tests/src/test/resources/features/E2E_Object.feature:167:    And one Object record for "SNS-DOCUMENT" with following attributes
cmd-adaptor-sns-integration-tests/src/test/resources/features/E2E_Object.feature:168:      | metadata.identityRecord.poleId.v2.id                 | SNSENS:P=null[{714HX-987FrenchmovementReferenceNumber{testId}}],O={714HX-987FrenchmovementReferenceNumber{testId}} |
cmd-adaptor-sns-integration-tests/src/test/resources/features/E2E_Object.feature:170:      | metadata.sourceRecord.name                           | SNSENS                                                                                                             |
cmd-adaptor-sns-integration-tests/src/test/resources/features/E2E_Object.feature:171:      | metadata.sourceRecord.shortName                      | SNS                                                                                                                |
cmd-adaptor-sns-integration-tests/src/test/resources/features/E2E_Object.feature:180:      | metadata.mappingRecord.name                          | SNS-DOCUMENT                                                                                                       |
cmd-adaptor-sns-integration-tests/src/test/resources/features/E2E_Object.feature:193:      | party.poleId.v2.id                                   | SNSENS:P=null[{714HX-987FrenchmovementReferenceNumber{testId}}]                                                    |
cmd-adaptor-sns-integration-tests/src/test/resources/features/E2E_Object.feature:207:    And one Object record for "SNS-C-VEHICLE" with following attributes
cmd-adaptor-sns-integration-tests/src/test/resources/features/E2E_Object.feature:208:      | metadata.identityRecord.poleId.v2.id          | SNSENS:P=null[{Nationality{testId}vehicle002}],O={Nationality{testId}vehicle002} |
cmd-adaptor-sns-integration-tests/src/test/resources/features/E2E_Object.feature:210:      | metadata.sourceRecord.name                    | SNSENS                                                                           |
cmd-adaptor-sns-integration-tests/src/test/resources/features/E2E_Object.feature:211:      | metadata.sourceRecord.shortName               | SNS                                                                              |
cmd-adaptor-sns-integration-tests/src/test/resources/features/E2E_Object.feature:220:      | metadata.mappingRecord.name                   | SNS-C-VEHICLE                                                                    |
cmd-adaptor-sns-integration-tests/src/test/resources/features/E2E_Object.feature:22:      | metadata.mappingRecord.name                                         | SNS-M-VEHICLE                                                                    |
cmd-adaptor-sns-integration-tests/src/test/resources/features/E2E_Object.feature:241:      | party.poleId.v2.id                            | SNSENS:P=null[{Nationality{testId}vehicle002}]                                   |
cmd-adaptor-sns-integration-tests/src/test/resources/features/E2E_Object.feature:245:    And one Object record for "SNS-C-VEHICLE" with following attributes
cmd-adaptor-sns-integration-tests/src/test/resources/features/E2E_Object.feature:246:      | metadata.identityRecord.poleId.v2.id          | SNSENS:P=null[{Nationality{testId}vehicle003}],O={Nationality{testId}vehicle003} |
cmd-adaptor-sns-integration-tests/src/test/resources/features/E2E_Object.feature:248:      | metadata.sourceRecord.name                    | SNSENS                                                                           |
cmd-adaptor-sns-integration-tests/src/test/resources/features/E2E_Object.feature:249:      | metadata.sourceRecord.shortName               | SNS                                                                              |
cmd-adaptor-sns-integration-tests/src/test/resources/features/E2E_Object.feature:258:      | metadata.mappingRecord.name                   | SNS-C-VEHICLE                                                                    |
cmd-adaptor-sns-integration-tests/src/test/resources/features/E2E_Object.feature:279:      | party.poleId.v2.id                            | SNSENS:P=null[{Nationality{testId}vehicle003}]                                   |
cmd-adaptor-sns-integration-tests/src/test/resources/features/E2E_Object.feature:283:    And one Object record for "SNS-M-TRAILER(CONTAINER)" with following attributes
cmd-adaptor-sns-integration-tests/src/test/resources/features/E2E_Object.feature:284:      | metadata.identityRecord.poleId.v2.id          | SNSENS:P=null[{movementReferenceNumber{testId}123}],O={movementReferenceNumber{testId}123} |
cmd-adaptor-sns-integration-tests/src/test/resources/features/E2E_Object.feature:286:      | metadata.sourceRecord.name                    | SNSENS                                                                                     |
cmd-adaptor-sns-integration-tests/src/test/resources/features/E2E_Object.feature:287:      | metadata.sourceRecord.shortName               | SNS                                                                                        |
cmd-adaptor-sns-integration-tests/src/test/resources/features/E2E_Object.feature:296:      | metadata.mappingRecord.name                   | SNS-C-TRAILER(CONTAINER)                                                                   |
cmd-adaptor-sns-integration-tests/src/test/resources/features/E2E_Object.feature:2:Feature: Test SNS Command Adaptor - Object
cmd-adaptor-sns-integration-tests/src/test/resources/features/E2E_Object.feature:317:      | party.poleId.v2.id                            | SNSENS:P=null[{movementReferenceNumber{testId}123}]                                        |
cmd-adaptor-sns-integration-tests/src/test/resources/features/E2E_Object.feature:321:    And one Object record for "SNS-M-TRAILER(CONTAINER)" with following attributes
cmd-adaptor-sns-integration-tests/src/test/resources/features/E2E_Object.feature:322:      | metadata.identityRecord.poleId.v2.id          | SNSENS:P=null[{movementReferenceNumber{testId}567}],O={movementReferenceNumber{testId}567} |
cmd-adaptor-sns-integration-tests/src/test/resources/features/E2E_Object.feature:324:      | metadata.sourceRecord.name                    | SNSENS                                                                                     |
cmd-adaptor-sns-integration-tests/src/test/resources/features/E2E_Object.feature:325:      | metadata.sourceRecord.shortName               | SNS                                                                                        |
cmd-adaptor-sns-integration-tests/src/test/resources/features/E2E_Object.feature:334:      | metadata.mappingRecord.name                   | SNS-C-TRAILER(CONTAINER)                                                                   |
cmd-adaptor-sns-integration-tests/src/test/resources/features/E2E_Object.feature:355:      | party.poleId.v2.id                            | SNSENS:P=null[{movementReferenceNumber{testId}567}]                                        |
cmd-adaptor-sns-integration-tests/src/test/resources/features/E2E_Object.feature:359:    And one Object record for "SNS-M-TRAILER(CONTAINER)" with following attributes
cmd-adaptor-sns-integration-tests/src/test/resources/features/E2E_Object.feature:360:      | metadata.identityRecord.poleId.v2.id          | SNSENS:P=null[{movementReferenceNumber{testId}456}],O={movementReferenceNumber{testId}456} |
cmd-adaptor-sns-integration-tests/src/test/resources/features/E2E_Object.feature:362:      | metadata.sourceRecord.name                    | SNSENS                                                                                     |
cmd-adaptor-sns-integration-tests/src/test/resources/features/E2E_Object.feature:363:      | metadata.sourceRecord.shortName               | SNS                                                                                        |
cmd-adaptor-sns-integration-tests/src/test/resources/features/E2E_Object.feature:372:      | metadata.mappingRecord.name                   | SNS-C-TRAILER(CONTAINER)                                                                   |
cmd-adaptor-sns-integration-tests/src/test/resources/features/E2E_Object.feature:393:      | party.poleId.v2.id                            | SNSENS:P=null[{movementReferenceNumber{testId}456}]                                        |
cmd-adaptor-sns-integration-tests/src/test/resources/features/E2E_Object.feature:397:    And one Object record for "SNS-C-TRAILER" with following attributes
cmd-adaptor-sns-integration-tests/src/test/resources/features/E2E_Object.feature:398:      | metadata.identityRecord.poleId.v2.id                                | SNSENS:P=null[{trailer002Nationality{testId}movementReferenceNumber{testId}}],O={trailer002Nationality{testId}movementReferenceNumber{testId}} |
cmd-adaptor-sns-integration-tests/src/test/resources/features/E2E_Object.feature:400:      | metadata.sourceRecord.name                                          | SNSENS                                                                                                                                         |
cmd-adaptor-sns-integration-tests/src/test/resources/features/E2E_Object.feature:401:      | metadata.sourceRecord.shortName                                     | SNS                                                                                                                                            |
cmd-adaptor-sns-integration-tests/src/test/resources/features/E2E_Object.feature:410:      | metadata.mappingRecord.name                                         | SNS-C-TRAILER                                                                                                                                  |
cmd-adaptor-sns-integration-tests/src/test/resources/features/E2E_Object.feature:431:      | party.poleId.v2.id                                                  | SNSENS:P=null[{trailer002Nationality{testId}movementReferenceNumber{testId}}]                                                                  |
cmd-adaptor-sns-integration-tests/src/test/resources/features/E2E_Object.feature:43:      | party.poleId.v2.id                                                  | SNSENS:P=null[{Nationality{testId}vehicle001}]                                   |
cmd-adaptor-sns-integration-tests/src/test/resources/features/E2E_Object.feature:48:    And one Object record for "SNS-M-TRAILER" with following attributes
cmd-adaptor-sns-integration-tests/src/test/resources/features/E2E_Object.feature:49:      | metadata.identityRecord.poleId.v2.id                                | SNSENS:P=null[{trailer001Nationality{testId}movementReferenceNumber{testId}}],O={trailer001Nationality{testId}movementReferenceNumber{testId}} |
cmd-adaptor-sns-integration-tests/src/test/resources/features/E2E_Object.feature:51:      | metadata.sourceRecord.name                                          | SNSENS                                                                                                                                         |
cmd-adaptor-sns-integration-tests/src/test/resources/features/E2E_Object.feature:52:      | metadata.sourceRecord.shortName                                     | SNS                                                                                                                                            |
cmd-adaptor-sns-integration-tests/src/test/resources/features/E2E_Object.feature:554:    And one Object record for "SNS-M-VESSEL" with following attributes
cmd-adaptor-sns-integration-tests/src/test/resources/features/E2E_Object.feature:555:      | metadata.identityRecord.poleId.v2.id                                | SNSENS:P=null[{IMO1234567Nationality{testId}}],O={IMO1234567Nationality{testId}} |
cmd-adaptor-sns-integration-tests/src/test/resources/features/E2E_Object.feature:557:      | metadata.sourceRecord.name                                          | SNSENS                                                                           |
cmd-adaptor-sns-integration-tests/src/test/resources/features/E2E_Object.feature:558:      | metadata.sourceRecord.shortName                                     | SNS                                                                              |
cmd-adaptor-sns-integration-tests/src/test/resources/features/E2E_Object.feature:567:      | metadata.mappingRecord.name                                         | SNS-M-VESSEL                                                                     |
cmd-adaptor-sns-integration-tests/src/test/resources/features/E2E_Object.feature:580:      | party.poleId.v2.id                                                  | SNSENS:P=null[{IMO1234567Nationality{testId}}]                                   |
cmd-adaptor-sns-integration-tests/src/test/resources/features/E2E_Object.feature:593:    And one Object record for "SNS-C-VESSEL" with following attributes
cmd-adaptor-sns-integration-tests/src/test/resources/features/E2E_Object.feature:594:      | metadata.identityRecord.poleId.v2.id          | SNSENS:P=null[{IMO7654321Nationality{testId}}],O={IMO7654321Nationality{testId}} |
cmd-adaptor-sns-integration-tests/src/test/resources/features/E2E_Object.feature:596:      | metadata.sourceRecord.name                    | SNSENS                                                                           |
cmd-adaptor-sns-integration-tests/src/test/resources/features/E2E_Object.feature:597:      | metadata.sourceRecord.shortName               | SNS                                                                              |
cmd-adaptor-sns-integration-tests/src/test/resources/features/E2E_Object.feature:606:      | metadata.mappingRecord.name                   | SNS-C-VESSEL                                                                     |
cmd-adaptor-sns-integration-tests/src/test/resources/features/E2E_Object.feature:619:      | party.poleId.v2.id                            | SNSENS:P=null[{IMO7654321Nationality{testId}}]                                   |
cmd-adaptor-sns-integration-tests/src/test/resources/features/E2E_Object.feature:61:      | metadata.mappingRecord.name                                         | SNS-M-TRAILER                                                                                                                                  |
cmd-adaptor-sns-integration-tests/src/test/resources/features/E2E_Object.feature:82:      | party.poleId.v2.id                                                  | SNSENS:P=null[{trailer001Nationality{testId}movementReferenceNumber{testId}}]                                                                  |
cmd-adaptor-sns-integration-tests/src/test/resources/features/E2E_Object.feature:87:    And one Object record for "SNS-DOCUMENT" with following attributes
cmd-adaptor-sns-integration-tests/src/test/resources/features/E2E_Object.feature:88:      | metadata.identityRecord.poleId.v2.id                 | SNSENS:P=null[{704ABC1234567EnglishmovementReferenceNumber{testId}}],O={704ABC1234567EnglishmovementReferenceNumber{testId}} |
cmd-adaptor-sns-integration-tests/src/test/resources/features/E2E_Object.feature:90:      | metadata.sourceRecord.name                           | SNSENS                                                                                                                       |
cmd-adaptor-sns-integration-tests/src/test/resources/features/E2E_Object.feature:91:      | metadata.sourceRecord.shortName                      | SNS                                                                                                                          |
cmd-adaptor-sns-integration-tests/src/test/resources/features/E2E_Object.feature:9:    And one Object record for "SNS-M-VEHICLE" with following attributes
cmd-adaptor-sns-integration-tests/src/test/resources/features/E2E_Party.feature:101:    And one Party record for "SNS-C-NOTIFY" with following attributes
cmd-adaptor-sns-integration-tests/src/test/resources/features/E2E_Party.feature:102:      | metadata.identityRecord.poleId.v2.id                   | SNSENS:P={partyCNotify0,Great Russell Street,WC1B 3DG{testId},London}[SNS-C-NOTIFY] |
cmd-adaptor-sns-integration-tests/src/test/resources/features/E2E_Party.feature:104:      | metadata.sourceRecord.name                             | SNSENS                                                                              |
cmd-adaptor-sns-integration-tests/src/test/resources/features/E2E_Party.feature:105:      | metadata.sourceRecord.shortName                        | SNS                                                                                 |
cmd-adaptor-sns-integration-tests/src/test/resources/features/E2E_Party.feature:110:      | metadata.mappingRecord.name                            | SNS-C-NOTIFY                                                                        |
cmd-adaptor-sns-integration-tests/src/test/resources/features/E2E_Party.feature:11:    And one Party record for "SNS-C-CONSIGNEE" with following attributes
cmd-adaptor-sns-integration-tests/src/test/resources/features/E2E_Party.feature:12:      | metadata.identityRecord.poleId.v2.id                 | SNSENS:P={partyCConsignee0,Castlehill,EH1 2NG{testId},Edinburgh}[SNS-C-CONSIGNEE] |
cmd-adaptor-sns-integration-tests/src/test/resources/features/E2E_Party.feature:131:    And one Party record for "SNS-C-NOTIFY" with following attributes
cmd-adaptor-sns-integration-tests/src/test/resources/features/E2E_Party.feature:132:      | metadata.identityRecord.poleId.v2.id                   | SNSENS:P={partyCNotify1,St Katharine,EC3N 4AB{testId},London}[SNS-C-NOTIFY] |
cmd-adaptor-sns-integration-tests/src/test/resources/features/E2E_Party.feature:134:      | metadata.sourceRecord.name                             | SNSENS                                                                      |
cmd-adaptor-sns-integration-tests/src/test/resources/features/E2E_Party.feature:135:      | metadata.sourceRecord.shortName                        | SNS                                                                         |
cmd-adaptor-sns-integration-tests/src/test/resources/features/E2E_Party.feature:140:      | metadata.mappingRecord.name                            | SNS-C-NOTIFY                                                                |
cmd-adaptor-sns-integration-tests/src/test/resources/features/E2E_Party.feature:14:      | metadata.sourceRecord.name                           | SNSENS                                                                            |
cmd-adaptor-sns-integration-tests/src/test/resources/features/E2E_Party.feature:15:      | metadata.sourceRecord.shortName                      | SNS                                                                               |
cmd-adaptor-sns-integration-tests/src/test/resources/features/E2E_Party.feature:161:    And one Party record for "SNS-C-NOTIFY" with following attributes
cmd-adaptor-sns-integration-tests/src/test/resources/features/E2E_Party.feature:162:      | metadata.identityRecord.poleId.v2.id                   | SNSENS:P={locationCNotify2,St Katharine,EC3N 4AB{testId},London}[SNS-C-NOTIFY] |
cmd-adaptor-sns-integration-tests/src/test/resources/features/E2E_Party.feature:164:      | metadata.sourceRecord.name                             | SNSENS                                                                         |
cmd-adaptor-sns-integration-tests/src/test/resources/features/E2E_Party.feature:165:      | metadata.sourceRecord.shortName                        | SNS                                                                            |
cmd-adaptor-sns-integration-tests/src/test/resources/features/E2E_Party.feature:170:      | metadata.mappingRecord.name                            | SNS-C-NOTIFY                                                                   |
cmd-adaptor-sns-integration-tests/src/test/resources/features/E2E_Party.feature:191:    And one Party record for "SNS-DECLARANT" with following attributes
cmd-adaptor-sns-integration-tests/src/test/resources/features/E2E_Party.feature:192:      | metadata.identityRecord.poleId.v2.id           | SNSENS:P={partyDeclarant,1 Savoy Hill,WC2R 0BP{testId},London}[SNS-DECLARANT] |
cmd-adaptor-sns-integration-tests/src/test/resources/features/E2E_Party.feature:194:      | metadata.sourceRecord.name                     | SNSENS                                                                        |
cmd-adaptor-sns-integration-tests/src/test/resources/features/E2E_Party.feature:195:      | metadata.sourceRecord.shortName                | SNS                                                                           |
cmd-adaptor-sns-integration-tests/src/test/resources/features/E2E_Party.feature:200:      | metadata.mappingRecord.name                    | SNS-DECLARANT                                                                 |
cmd-adaptor-sns-integration-tests/src/test/resources/features/E2E_Party.feature:20:      | metadata.mappingRecord.name                          | SNS-C-CONSIGNEE                                                                   |
cmd-adaptor-sns-integration-tests/src/test/resources/features/E2E_Party.feature:221:    And one Party record for "SNS-M-CONSIGNEE" with following attributes
cmd-adaptor-sns-integration-tests/src/test/resources/features/E2E_Party.feature:222:      | metadata.identityRecord.poleId.v2.id           | SNSENS:P={partyConsignee,221B Baker Street,NW1 6XE{testId},London}[SNS-M-CONSIGNEE] |
cmd-adaptor-sns-integration-tests/src/test/resources/features/E2E_Party.feature:224:      | metadata.sourceRecord.name                     | SNSENS                                                                              |
cmd-adaptor-sns-integration-tests/src/test/resources/features/E2E_Party.feature:225:      | metadata.sourceRecord.shortName                | SNS                                                                                 |
cmd-adaptor-sns-integration-tests/src/test/resources/features/E2E_Party.feature:230:      | metadata.mappingRecord.name                    | SNS-M-CONSIGNEE                                                                     |
cmd-adaptor-sns-integration-tests/src/test/resources/features/E2E_Party.feature:251:    And one Party record for "SNS-M-NOTIFY" with following attributes
cmd-adaptor-sns-integration-tests/src/test/resources/features/E2E_Party.feature:252:      | metadata.identityRecord.poleId.v2.id           | SNSENS:P={PartyNotify,10 Downing Street,W1 2EB{testId},London}[SNS-M-NOTIFY] |
cmd-adaptor-sns-integration-tests/src/test/resources/features/E2E_Party.feature:254:      | metadata.sourceRecord.name                     | SNSENS                                                                       |
cmd-adaptor-sns-integration-tests/src/test/resources/features/E2E_Party.feature:255:      | metadata.sourceRecord.shortName                | SNS                                                                          |
cmd-adaptor-sns-integration-tests/src/test/resources/features/E2E_Party.feature:260:      | metadata.mappingRecord.name                    | SNS-M-NOTIFY                                                                 |
cmd-adaptor-sns-integration-tests/src/test/resources/features/E2E_Party.feature:281:    And one Party record for "SNS-M-SHIPPER" with following attributes
cmd-adaptor-sns-integration-tests/src/test/resources/features/E2E_Party.feature:282:      | metadata.identityRecord.poleId.v2.id           | SNSENS:P={PartyConsignor,12 Abbey Road,NW1 4AB{testId},London}[SNS-M-SHIPPER] |
cmd-adaptor-sns-integration-tests/src/test/resources/features/E2E_Party.feature:284:      | metadata.sourceRecord.name                     | SNSENS                                                                        |
cmd-adaptor-sns-integration-tests/src/test/resources/features/E2E_Party.feature:285:      | metadata.sourceRecord.shortName                | SNS                                                                           |
cmd-adaptor-sns-integration-tests/src/test/resources/features/E2E_Party.feature:290:      | metadata.mappingRecord.name                    | SNS-M-SHIPPER                                                                 |
cmd-adaptor-sns-integration-tests/src/test/resources/features/E2E_Party.feature:2:Feature: Test SNS Command Adaptor - Party
cmd-adaptor-sns-integration-tests/src/test/resources/features/E2E_Party.feature:311:    And one Party record for "SNS-REPRESENTATIVE" with following attributes
cmd-adaptor-sns-integration-tests/src/test/resources/features/E2E_Party.feature:312:      | metadata.identityRecord.poleId.v2.id             | SNSENS:P={Acme Co,7 Somewhere Street,NW1 5EX{testId},London}[SNS-REPRESENTATIVE] |
cmd-adaptor-sns-integration-tests/src/test/resources/features/E2E_Party.feature:314:      | metadata.sourceRecord.name                       | SNSENS                                                                           |
cmd-adaptor-sns-integration-tests/src/test/resources/features/E2E_Party.feature:315:      | metadata.sourceRecord.shortName                  | SNS                                                                              |
cmd-adaptor-sns-integration-tests/src/test/resources/features/E2E_Party.feature:320:      | metadata.mappingRecord.name                      | SNS-REPRESENTATIVE                                                               |
cmd-adaptor-sns-integration-tests/src/test/resources/features/E2E_Party.feature:341:    And one Party record for "SNS-M-CARRIER" with following attributes
cmd-adaptor-sns-integration-tests/src/test/resources/features/E2E_Party.feature:342:      | metadata.identityRecord.poleId.v2.id           | SNSENS:P={partiesCarrier,62 Golden Street,MK1 3RW{testId},Milton Keynes}[SNS-M-CARRIER] |
cmd-adaptor-sns-integration-tests/src/test/resources/features/E2E_Party.feature:344:      | metadata.sourceRecord.name                     | SNSNENS                                                                                 |
cmd-adaptor-sns-integration-tests/src/test/resources/features/E2E_Party.feature:345:      | metadata.sourceRecord.shortName                | SNS                                                                                     |
cmd-adaptor-sns-integration-tests/src/test/resources/features/E2E_Party.feature:350:      | metadata.mappingRecord.name                    | SNS-M-CARRIER                                                                           |
cmd-adaptor-sns-integration-tests/src/test/resources/features/E2E_Party.feature:371:    And one Party record for "SNS-SENDER" with following attributes
cmd-adaptor-sns-integration-tests/src/test/resources/features/E2E_Party.feature:372:      | metadata.identityRecord.poleId.v2.id           | SNSENS:P={Testing,5 Test Street,TE5 1IN{testId},Testville}[SNS-SENDER] |
cmd-adaptor-sns-integration-tests/src/test/resources/features/E2E_Party.feature:374:      | metadata.sourceRecord.name                     | SNSENS                                                                 |
cmd-adaptor-sns-integration-tests/src/test/resources/features/E2E_Party.feature:375:      | metadata.sourceRecord.shortName                | SNS                                                                    |
cmd-adaptor-sns-integration-tests/src/test/resources/features/E2E_Party.feature:380:      | metadata.mappingRecord.name                    | SNS-SENDER                                                             |
cmd-adaptor-sns-integration-tests/src/test/resources/features/E2E_Party.feature:399:    And one Party record for "SNS-C-SHIPPER" with following attributes
cmd-adaptor-sns-integration-tests/src/test/resources/features/E2E_Party.feature:400:      | metadata.identityRecord.poleId.v2.id                 | SNSENS:P={goodsConsignor,12 Abbey Road,NW1 4AB{testId},London}[SNS-C-SHIPPER] |
cmd-adaptor-sns-integration-tests/src/test/resources/features/E2E_Party.feature:402:      | metadata.sourceRecord.name                           | SNSENS                                                                        |
cmd-adaptor-sns-integration-tests/src/test/resources/features/E2E_Party.feature:403:      | metadata.sourceRecord.shortName                      | SNS                                                                           |
cmd-adaptor-sns-integration-tests/src/test/resources/features/E2E_Party.feature:408:      | metadata.mappingRecord.name                          | SNS-C-SHIPPER                                                                 |
cmd-adaptor-sns-integration-tests/src/test/resources/features/E2E_Party.feature:41:    And one Party record for "SNS-C-CONSIGNEE" with following attributes
cmd-adaptor-sns-integration-tests/src/test/resources/features/E2E_Party.feature:42:      | metadata.identityRecord.poleId.v2.id                 | SNSENS:P={partyCConsignee1,Woodstock,OX20 1PP{testId},Oxfordshire}[SNS-C-CONSIGNEE] |
cmd-adaptor-sns-integration-tests/src/test/resources/features/E2E_Party.feature:430:    And one Party record for "SNS-C-SHIPPER" with following attributes
cmd-adaptor-sns-integration-tests/src/test/resources/features/E2E_Party.feature:431:      | metadata.identityRecord.poleId.v2.id                 | SNSENS:P={Location CShip,8 Somewhere Street,NW1 5EX{testId},London}[SNS-C-SHIPPER] |
cmd-adaptor-sns-integration-tests/src/test/resources/features/E2E_Party.feature:433:      | metadata.sourceRecord.name                           | SNSENS                                                                             |
cmd-adaptor-sns-integration-tests/src/test/resources/features/E2E_Party.feature:434:      | metadata.sourceRecord.shortName                      | SNS                                                                                |
cmd-adaptor-sns-integration-tests/src/test/resources/features/E2E_Party.feature:439:      | metadata.mappingRecord.name                          | SNS-C-SHIPPER                                                                      |
cmd-adaptor-sns-integration-tests/src/test/resources/features/E2E_Party.feature:44:      | metadata.sourceRecord.name                           | SNSENS                                                                              |
cmd-adaptor-sns-integration-tests/src/test/resources/features/E2E_Party.feature:45:      | metadata.sourceRecord.shortName                      | SNS                                                                                 |
cmd-adaptor-sns-integration-tests/src/test/resources/features/E2E_Party.feature:461:    And one Party record for "SNS-C-SHIPPER" with following attributes
cmd-adaptor-sns-integration-tests/src/test/resources/features/E2E_Party.feature:462:      | metadata.identityRecord.poleId.v2.id                 | SNSENS:P={goodsConsignorName2{testId}40LeedsLE12 0DS100}[SNS-C-SHIPPER] |
cmd-adaptor-sns-integration-tests/src/test/resources/features/E2E_Party.feature:464:      | metadata.sourceRecord.name                           | SNSENS                                                                  |
cmd-adaptor-sns-integration-tests/src/test/resources/features/E2E_Party.feature:465:      | metadata.sourceRecord.shortName                      | SNS                                                                     |
cmd-adaptor-sns-integration-tests/src/test/resources/features/E2E_Party.feature:470:      | metadata.mappingRecord.name                          | SNS-C-SHIPPER                                                           |
cmd-adaptor-sns-integration-tests/src/test/resources/features/E2E_Party.feature:50:      | metadata.mappingRecord.name                          | SNS-C-CONSIGNEE                                                                     |
cmd-adaptor-sns-integration-tests/src/test/resources/features/E2E_Party.feature:71:    And one Party record for "SNS-C-CONSIGNEE" with following attributes
cmd-adaptor-sns-integration-tests/src/test/resources/features/E2E_Party.feature:72:      | metadata.identityRecord.poleId.v2.id                 | SNSENS:P={locationCConsignee2,Woodstock,OX20 1PP{testId},Oxfordshire}[SNS-C-CONSIGNEE] |
cmd-adaptor-sns-integration-tests/src/test/resources/features/E2E_Party.feature:74:      | metadata.sourceRecord.name                           | SNSENS                                                                                 |
cmd-adaptor-sns-integration-tests/src/test/resources/features/E2E_Party.feature:75:      | metadata.sourceRecord.shortName                      | SNS                                                                                    |
cmd-adaptor-sns-integration-tests/src/test/resources/features/E2E_Party.feature:80:      | metadata.mappingRecord.name                          | SNS-C-CONSIGNEE                                                                        |
cmd-adaptor-sns-integration-tests/src/test/resources/features/E2E_Service.feature:11:      | metadata.sourceRecord.name                                  | SNSENS                                                                                                                               |
cmd-adaptor-sns-integration-tests/src/test/resources/features/E2E_Service.feature:12:      | metadata.sourceRecord.shortName                             | SNS                                                                                                                                  |
cmd-adaptor-sns-integration-tests/src/test/resources/features/E2E_Service.feature:147:    And one Service record for "SNS-ITEM" with following attributes
cmd-adaptor-sns-integration-tests/src/test/resources/features/E2E_Service.feature:148:      | metadata.identityRecord.poleId.v2.id                       | SNSENS:S={movementReferenceNumber{testId}IN5555{testId}}                                                                             |
cmd-adaptor-sns-integration-tests/src/test/resources/features/E2E_Service.feature:150:      | metadata.sourceRecord.name                                 | SNSENS                                                                                                                               |
cmd-adaptor-sns-integration-tests/src/test/resources/features/E2E_Service.feature:151:      | metadata.sourceRecord.shortName                            | SNS                                                                                                                                  |
cmd-adaptor-sns-integration-tests/src/test/resources/features/E2E_Service.feature:160:      | metadata.mappingRecord.name                                | SNS-ITEM                                                                                                                             |
cmd-adaptor-sns-integration-tests/src/test/resources/features/E2E_Service.feature:216:    And one Service record for "SNS-CONSIGNMENT" with following attributes
cmd-adaptor-sns-integration-tests/src/test/resources/features/E2E_Service.feature:217:      | metadata.identityRecord.poleId.v2.id          | SNSENS:S={movementReferenceNumber{testId}789} |
cmd-adaptor-sns-integration-tests/src/test/resources/features/E2E_Service.feature:219:      | metadata.sourceRecord.name                    | SNSENS                                        |
cmd-adaptor-sns-integration-tests/src/test/resources/features/E2E_Service.feature:21:      | metadata.mappingRecord.name                                 | SNS-ITEM                                                                                                                             |
cmd-adaptor-sns-integration-tests/src/test/resources/features/E2E_Service.feature:220:      | metadata.sourceRecord.shortName               | SNS                                           |
cmd-adaptor-sns-integration-tests/src/test/resources/features/E2E_Service.feature:229:      | metadata.mappingRecord.name                   | SNS-CONSIGNMENT                               |
cmd-adaptor-sns-integration-tests/src/test/resources/features/E2E_Service.feature:270:    And one Service record for "SNS-CONSIGNMENT" with following attributes
cmd-adaptor-sns-integration-tests/src/test/resources/features/E2E_Service.feature:271:      | metadata.identityRecord.poleId.v2.id          | SNSENS:S={movementReferenceNumber{testId}123} |
cmd-adaptor-sns-integration-tests/src/test/resources/features/E2E_Service.feature:273:      | metadata.sourceRecord.name                    | SNSENS                                        |
cmd-adaptor-sns-integration-tests/src/test/resources/features/E2E_Service.feature:274:      | metadata.sourceRecord.shortName               | SNS                                           |
cmd-adaptor-sns-integration-tests/src/test/resources/features/E2E_Service.feature:283:      | metadata.mappingRecord.name                   | SNS-CONSIGNMENT                               |
cmd-adaptor-sns-integration-tests/src/test/resources/features/E2E_Service.feature:2:Feature: Test SNS Command Adaptor - Service
cmd-adaptor-sns-integration-tests/src/test/resources/features/E2E_Service.feature:324:    And one Service record for "SNS-MOVEMENT" with following attributes
cmd-adaptor-sns-integration-tests/src/test/resources/features/E2E_Service.feature:325:      | metadata.identityRecord.poleId.v2.id                                    | SNSENS:S={movementReferenceNumber{testId}}                                                                    |
cmd-adaptor-sns-integration-tests/src/test/resources/features/E2E_Service.feature:327:      | metadata.sourceRecord.name                                              | SNSENS                                                                                                        |
cmd-adaptor-sns-integration-tests/src/test/resources/features/E2E_Service.feature:328:      | metadata.sourceRecord.shortName                                         | SNS                                                                                                           |
cmd-adaptor-sns-integration-tests/src/test/resources/features/E2E_Service.feature:337:      | metadata.mappingRecord.name                                             | SNS-MOVEMENT                                                                                                  |
cmd-adaptor-sns-integration-tests/src/test/resources/features/E2E_Service.feature:78:    And one Service record for "SNS-ITEM" with following attributes
cmd-adaptor-sns-integration-tests/src/test/resources/features/E2E_Service.feature:79:      | metadata.identityRecord.poleId.v2.id                       | SNSENS:S={movementReferenceNumber{testId}IN9876{testId}}                                                                             |
cmd-adaptor-sns-integration-tests/src/test/resources/features/E2E_Service.feature:81:      | metadata.sourceRecord.name                                 | SNSENS                                                                                                                               |
cmd-adaptor-sns-integration-tests/src/test/resources/features/E2E_Service.feature:82:      | metadata.sourceRecord.shortName                            | SNS                                                                                                                                  |
cmd-adaptor-sns-integration-tests/src/test/resources/features/E2E_Service.feature:8:    And one Service record for "SNS-ITEM" with following attributes
cmd-adaptor-sns-integration-tests/src/test/resources/features/E2E_Service.feature:91:      | metadata.mappingRecord.name                                | SNS-ITEM                                                                                                                             |
cmd-adaptor-sns-integration-tests/src/test/resources/features/E2E_Service.feature:9:      | metadata.identityRecord.poleId.v2.id                        | SNSENS:S={movementReferenceNumber{testId}IN1234{testId}}                                                                             |
cmd-adaptor-sns-integration-tests/src/test/resources/features/RunLog.feature:2:Feature: Test SNS Command Adaptor - end to end - RunLog test for all pole entities
cmd-adaptor-sns-integration-tests/src/test/resources/sut-entrypoint.sh:14:S3_OBJECT_NAME="s3://${S3_BUCKET}/failsafe-reports/${KUBE_NAMESPACE}/${ADAPTOR_NAME}/${ISO8601_TIMESTAMP}.html"
cmd-adaptor-sns-integration-tests/src/test/resources/sut-entrypoint.sh:24:  aws s3 cp --sse=aws:kms --sse-kms-key-id $KMS_KEY_ID $REPORT_FILE_NAME $S3_OBJECT_NAME
d-aktasb@U-3HI1HA94H0FWL:~/projects/fdp-cmd-adaptor-sns$ 
